flight_id,route,origin,destination,fare_class,departure_date,day_of_week,is_weekend,season,is_holiday,days_to_departure,departure_hour,capacity,class_capacity,base_fare,historical_avg_route_demand,route_popularity,seats_remaining,current_load_factor
PA1000,YYZ-PEK,YYZ,PEK,Economy,2027-06-19,5,True,Summer,False,270,20,260,182,900,0.4,0.44,153,0.159
PA1001,YYZ-CUN,YYZ,CUN,Economy,2026-10-20,1,False,Fall,False,28,20,200,140,320,1.0,0.94,51,0.636
PA1002,YYZ-NRT,YYZ,NRT,Business,2026-10-14,2,False,Fall,False,22,16,260,26,950,0.8,0.81,15,0.423
PA1003,YYZ-YOW,YYZ,YOW,Economy,2026-10-01,3,False,Fall,False,9,10,120,84,90,0.9,0.91,57,0.321
PA1004,YYZ-FRA,YYZ,FRA,Economy,2026-12-02,2,False,Winter,False,71,20,240,168,680,0.5,0.46,115,0.315
PA1005,YYZ-FRA,YYZ,FRA,Economy,2026-10-09,4,False,Fall,False,17,20,240,168,680,0.5,0.54,55,0.673
PA1006,YYZ-NRT,YYZ,NRT,Economy,2026-11-20,4,False,Fall,False,59,16,260,182,950,0.8,0.82,122,0.33
PA1007,YYZ-YEG,YYZ,YEG,Business,2026-10-25,6,True,Fall,False,33,22,160,16,250,0.3,0.31,11,0.312
PA1008,YYZ-FRA,YYZ,FRA,Business,2026-09-29,1,False,Fall,False,7,8,240,24,680,0.5,0.54,7,0.708
PA1009,YYZ-JFK,YYZ,JFK,Business,2027-02-19,4,False,Winter,False,150,6,130,13,180,0.9,0.9,11,0.154
PA1010,YYZ-NRT,YYZ,NRT,Economy,2027-07-31,5,True,Summer,False,312,18,260,182,950,0.8,0.8,131,0.28
PA1011,YYZ-CUN,YYZ,CUN,Premium,2026-11-14,5,True,Fall,False,53,8,200,40,320,1.0,0.97,26,0.35
PA1012,YYZ-JFK,YYZ,JFK,Economy,2026-09-23,2,False,Fall,False,1,16,130,91,180,0.9,0.95,20,0.78
PA1013,YYZ-YYC,YYZ,YYC,Business,2026-10-03,5,True,Fall,False,11,8,150,15,220,0.6,0.56,7,0.533
PA1014,YYZ-YYC,YYZ,YYC,Economy,2026-11-17,1,False,Fall,False,56,14,150,105,220,0.6,0.61,63,0.4
PA1015,YYZ-FRA,YYZ,FRA,Economy,2026-11-05,3,False,Fall,False,44,6,240,168,680,0.5,0.49,115,0.315
PA1016,YYZ-FRA,YYZ,FRA,Business,2026-11-30,0,False,Fall,False,69,18,240,24,680,0.5,0.53,22,0.083
PA1017,YYZ-FRA,YYZ,FRA,Economy,2026-10-26,0,False,Fall,False,34,10,240,168,680,0.5,0.51,118,0.298
PA1018,YYZ-YHZ,YYZ,YHZ,Economy,2026-11-27,4,False,Fall,False,66,18,140,98,150,0.5,0.47,79,0.194
PA1019,YYZ-FRA,YYZ,FRA,Economy,2026-11-22,6,True,Fall,False,61,12,240,168,680,0.5,0.48,131,0.22
PA1020,YYZ-LAX,YYZ,LAX,Economy,2026-10-19,0,False,Fall,False,27,8,180,125,300,0.7,0.64,80,0.36
PA1021,YYZ-NRT,YYZ,NRT,Premium,2026-11-04,2,False,Fall,False,43,14,260,52,950,0.8,0.86,31,0.404
PA1022,YYZ-YHZ,YYZ,YHZ,Economy,2026-10-15,3,False,Fall,False,23,10,140,98,150,0.5,0.49,42,0.571
PA1023,YYZ-YVR,YYZ,YVR,Economy,2026-11-11,2,False,Fall,False,50,6,150,105,200,1.0,1.0,101,0.038
PA1024,YYZ-LAX,YYZ,LAX,Economy,2027-02-23,1,False,Winter,False,154,12,180,125,300,0.7,0.74,98,0.216
PA1025,YYZ-PEK,YYZ,PEK,Economy,2026-12-06,6,True,Winter,False,75,14,260,182,900,0.4,0.44,139,0.236
PA1026,YYZ-PEK,YYZ,PEK,Premium,2026-10-12,0,False,Fall,True,20,18,260,52,900,0.4,0.42,26,0.5
PA1027,YYZ-YEG,YYZ,YEG,Premium,2026-10-28,2,False,Fall,False,36,22,160,32,250,0.3,0.31,29,0.094
PA1028,YYZ-CDG,YYZ,CDG,Economy,2026-10-22,3,False,Fall,False,30,18,250,175,650,0.7,0.76,118,0.326
PA1029,YYZ-PEK,YYZ,PEK,Business,2026-12-01,1,False,Winter,False,70,22,260,26,900,0.4,0.39,21,0.192
PA1030,YYZ-NRT,YYZ,NRT,Premium,2027-02-06,5,True,Winter,False,137,14,260,52,950,0.8,0.8,41,0.212
PA1031,YYZ-CDG,YYZ,CDG,Premium,2026-09-26,5,True,Fall,False,4,14,250,50,650,0.7,0.71,8,0.84
PA1032,YYZ-YHZ,YYZ,YHZ,Premium,2027-08-14,5,True,Summer,False,326,18,140,28,150,0.5,0.48,22,0.214
PA1033,YYZ-YYC,YYZ,YYC,Economy,2026-11-24,1,False,Fall,False,63,22,150,105,220,0.6,0.6,98,0.067
PA1034,YYZ-JFK,YYZ,JFK,Economy,2027-01-12,1,False,Winter,False,112,18,130,91,180,0.9,0.95,74,0.187
PA1035,YYZ-CDG,YYZ,CDG,Business,2026-10-26,0,False,Fall,False,34,20,250,25,650,0.7,0.65,19,0.24
PA1036,YYZ-YVR,YYZ,YVR,Economy,2026-11-14,5,True,Fall,False,53,6,150,105,200,1.0,1.0,68,0.352
PA1037,YYZ-PEK,YYZ,PEK,Economy,2027-03-19,4,False,Spring,False,178,12,260,182,900,0.4,0.39,154,0.154
PA1038,YYZ-NRT,YYZ,NRT,Economy,2026-09-26,5,True,Fall,False,4,12,260,182,950,0.8,0.78,62,0.659
PA1039,YYZ-NRT,YYZ,NRT,Economy,2026-10-22,3,False,Fall,False,30,10,260,182,950,0.8,0.72,134,0.264
PA1040,YYZ-YYC,YYZ,YYC,Economy,2026-11-20,4,False,Fall,False,59,8,150,105,220,0.6,0.65,103,0.019
PA1041,YYZ-YHZ,YYZ,YHZ,Economy,2026-11-15,6,True,Fall,False,54,16,140,98,150,0.5,0.49,70,0.286
PA1042,YYZ-CDG,YYZ,CDG,Economy,2026-10-28,2,False,Fall,False,36,12,250,175,650,0.7,0.69,130,0.257
PA1043,YYZ-PEK,YYZ,PEK,Premium,2026-10-21,2,False,Fall,False,29,6,260,52,900,0.4,0.44,25,0.519
PA1044,YYZ-NRT,YYZ,NRT,Premium,2026-10-02,4,False,Fall,False,10,8,260,52,950,0.8,0.82,28,0.462
PA1045,YYZ-YHZ,YYZ,YHZ,Economy,2026-09-26,5,True,Fall,False,4,12,140,98,150,0.5,0.46,20,0.796
PA1046,YYZ-YHZ,YYZ,YHZ,Economy,2026-10-01,3,False,Fall,False,9,18,140,98,150,0.5,0.51,36,0.633
PA1047,YYZ-FRA,YYZ,FRA,Business,2026-11-15,6,True,Fall,False,54,12,240,24,680,0.5,0.46,20,0.167
PA1048,YYZ-YHZ,YYZ,YHZ,Economy,2026-10-24,5,True,Fall,False,32,18,140,98,150,0.5,0.52,73,0.255
PA1049,YYZ-YOW,YYZ,YOW,Economy,2026-10-29,3,False,Fall,False,37,8,120,84,90,0.9,0.97,62,0.262
PA1050,YYZ-NRT,YYZ,NRT,Economy,2026-11-08,6,True,Fall,False,47,8,260,182,950,0.8,0.82,136,0.253
PA1051,YYZ-FRA,YYZ,FRA,Economy,2026-10-01,3,False,Fall,False,9,10,240,168,680,0.5,0.52,87,0.482
PA1052,YYZ-LAX,YYZ,LAX,Economy,2026-10-20,1,False,Fall,False,28,20,180,125,300,0.7,0.76,45,0.64
PA1053,YYZ-CDG,YYZ,CDG,Premium,2026-11-16,0,False,Fall,False,55,22,250,50,650,0.7,0.76,47,0.06
PA1054,YYZ-YHZ,YYZ,YHZ,Economy,2026-10-15,3,False,Fall,False,23,12,140,98,150,0.5,0.51,60,0.388
PA1055,YYZ-NRT,YYZ,NRT,Economy,2026-10-31,5,True,Fall,False,39,8,260,182,950,0.8,0.84,123,0.324
PA1056,YYZ-CDG,YYZ,CDG,Economy,2026-09-26,5,True,Fall,False,4,8,250,175,650,0.7,0.73,48,0.726
PA1057,YYZ-YEG,YYZ,YEG,Economy,2027-04-12,0,False,Spring,False,202,6,160,112,250,0.3,0.28,91,0.188
PA1058,YYZ-YYC,YYZ,YYC,Premium,2027-09-09,3,False,Fall,False,352,16,150,30,220,0.6,0.55,24,0.2
PA1059,YYZ-NRT,YYZ,NRT,Economy,2026-10-17,5,True,Fall,False,25,16,260,182,950,0.8,0.85,124,0.319
PA1060,YYZ-CUN,YYZ,CUN,Economy,2026-10-12,0,False,Fall,True,20,14,200,140,320,1.0,1.0,86,0.386
PA1061,YYZ-YHZ,YYZ,YHZ,Economy,2027-01-19,1,False,Winter,False,119,20,140,98,150,0.5,0.52,84,0.143
PA1062,YYZ-PEK,YYZ,PEK,Economy,2026-11-14,5,True,Fall,False,53,8,260,182,900,0.4,0.41,115,0.368
PA1063,YYZ-YYC,YYZ,YYC,Economy,2026-10-12,0,False,Fall,True,20,10,150,105,220,0.6,0.61,48,0.543
PA1064,YYZ-YEG,YYZ,YEG,Economy,2026-10-12,0,False,Fall,True,20,12,160,112,250,0.3,0.3,43,0.616
PA1065,YYZ-LAX,YYZ,LAX,Economy,2026-12-09,2,False,Winter,False,78,8,180,125,300,0.7,0.64,75,0.4
PA1066,YYZ-NRT,YYZ,NRT,Economy,2027-05-30,6,True,Spring,False,250,8,260,182,950,0.8,0.84,163,0.104
PA1067,YYZ-YOW,YYZ,YOW,Premium,2026-12-02,2,False,Winter,False,71,6,120,24,90,0.9,0.87,21,0.125
PA1068,YYZ-PEK,YYZ,PEK,Premium,2026-11-15,6,True,Fall,False,54,12,260,52,900,0.4,0.42,36,0.308
PA1069,YYZ-FRA,YYZ,FRA,Economy,2026-11-23,0,False,Fall,False,62,20,240,168,680,0.5,0.54,137,0.185
PA1070,YYZ-YHZ,YYZ,YHZ,Premium,2026-11-12,3,False,Fall,False,51,20,140,28,150,0.5,0.54,26,0.071
PA1071,YYZ-PEK,YYZ,PEK,Premium,2026-09-23,2,False,Fall,False,1,8,260,52,900,0.4,0.42,5,0.904
PA1072,YYZ-NRT,YYZ,NRT,Economy,2026-11-15,6,True,Fall,False,54,20,260,182,950,0.8,0.73,136,0.253
PA1073,YYZ-PEK,YYZ,PEK,Economy,2026-11-07,5,True,Fall,False,46,20,260,182,900,0.4,0.44,176,0.033
PA1074,YYZ-YHZ,YYZ,YHZ,Economy,2027-03-21,6,True,Spring,False,180,6,140,98,150,0.5,0.49,95,0.031
PA1075,YYZ-YEG,YYZ,YEG,Business,2026-12-20,6,True,Winter,False,89,10,160,16,250,0.3,0.31,13,0.188
PA1076,YYZ-LAX,YYZ,LAX,Economy,2026-12-05,5,True,Winter,False,74,18,180,125,300,0.7,0.72,102,0.184
PA1077,YYZ-YYC,YYZ,YYC,Business,2026-10-28,2,False,Fall,False,36,6,150,15,220,0.6,0.63,11,0.267
PA1078,YYZ-YYC,YYZ,YYC,Economy,2026-10-05,0,False,Fall,False,13,14,150,105,220,0.6,0.63,47,0.552
PA1079,YYZ-YHZ,YYZ,YHZ,Economy,2026-10-14,2,False,Fall,False,22,6,140,98,150,0.5,0.53,66,0.327
PA1080,YYZ-PEK,YYZ,PEK,Economy,2026-09-26,5,True,Fall,False,4,14,260,182,900,0.4,0.4,38,0.791
PA1081,YYZ-YHZ,YYZ,YHZ,Economy,2026-10-03,5,True,Fall,False,11,6,140,98,150,0.5,0.55,68,0.306
PA1082,YYZ-LAX,YYZ,LAX,Economy,2027-08-31,1,False,Summer,False,343,10,180,125,300,0.7,0.77,75,0.4
PA1083,YYZ-PEK,YYZ,PEK,Economy,2026-12-10,3,False,Winter,False,79,16,260,182,900,0.4,0.37,178,0.022
PA1084,YYZ-CDG,YYZ,CDG,Business,2026-10-08,3,False,Fall,False,16,6,250,25,650,0.7,0.66,13,0.48
PA1085,YYZ-YVR,YYZ,YVR,Economy,2026-10-05,0,False,Fall,False,13,12,150,105,200,1.0,0.92,54,0.486
PA1086,YYZ-CUN,YYZ,CUN,Economy,2027-05-25,1,False,Spring,False,245,10,200,140,320,1.0,1.0,115,0.179
PA1087,YYZ-YVR,YYZ,YVR,Economy,2026-12-16,2,False,Winter,False,85,6,150,105,200,1.0,1.0,97,0.076
PA1088,YYZ-PEK,YYZ,PEK,Economy,2027-07-07,2,False,Summer,False,288,8,260,182,900,0.4,0.4,142,0.22
PA1089,YYZ-CDG,YYZ,CDG,Economy,2026-11-24,1,False,Fall,False,63,20,250,175,650,0.7,0.71,125,0.286
PA1090,YYZ-LAX,YYZ,LAX,Economy,2026-11-27,4,False,Fall,False,66,16,180,125,300,0.7,0.7,87,0.304
PA1091,YYZ-JFK,YYZ,JFK,Economy,2026-11-25,2,False,Fall,False,64,22,130,91,180,0.9,0.93,85,0.066
PA1092,YYZ-CDG,YYZ,CDG,Economy,2027-06-22,1,False,Summer,False,273,16,250,175,650,0.7,0.76,168,0.04
PA1093,YYZ-CUN,YYZ,CUN,Economy,2026-10-25,6,True,Fall,False,33,20,200,140,320,1.0,0.92,94,0.329
PA1094,YYZ-JFK,YYZ,JFK,Economy,2026-11-29,6,True,Fall,False,68,6,130,91,180,0.9,0.87,58,0.363
PA1095,YYZ-YOW,YYZ,YOW,Economy,2027-07-29,3,False,Summer,False,310,6,120,84,90,0.9,0.91,83,0.012
PA1096,YYZ-FRA,YYZ,FRA,Economy,2027-09-07,1,False,Fall,False,350,14,240,168,680,0.5,0.5,106,0.369
PA1097,YYZ-FRA,YYZ,FRA,Economy,2026-10-22,3,False,Fall,False,30,14,240,168,680,0.5,0.53,150,0.107
PA1098,YYZ-YEG,YYZ,YEG,Economy,2026-11-24,1,False,Fall,False,63,12,160,112,250,0.3,0.31,80,0.286
PA1099,YYZ-JFK,YYZ,JFK,Business,2026-11-23,0,False,Fall,False,62,16,130,13,180,0.9,0.84,12,0.077
PA1100,YYZ-YYC,YYZ,YYC,Premium,2026-11-29,6,True,Fall,False,68,8,150,30,220,0.6,0.56,20,0.333
PA1101,YYZ-YHZ,YYZ,YHZ,Premium,2026-09-28,0,False,Fall,False,6,18,140,28,150,0.5,0.48,5,0.821
PA1102,YYZ-FRA,YYZ,FRA,Business,2027-02-21,6,True,Winter,False,152,10,240,24,680,0.5,0.47,17,0.292
PA1103,YYZ-YOW,YYZ,YOW,Economy,2027-02-06,5,True,Winter,False,137,14,120,84,90,0.9,0.94,54,0.357
PA1104,YYZ-LAX,YYZ,LAX,Economy,2026-11-07,5,True,Fall,False,46,10,180,125,300,0.7,0.76,114,0.088
PA1105,YYZ-YYC,YYZ,YYC,Economy,2027-01-02,5,True,Winter,False,102,16,150,105,220,0.6,0.56,88,0.162
PA1106,YYZ-PEK,YYZ,PEK,Economy,2026-11-06,4,False,Fall,False,45,12,260,182,900,0.4,0.43,167,0.082
PA1107,YYZ-YVR,YYZ,YVR,Economy,2027-05-26,2,False,Spring,False,246,12,150,105,200,1.0,1.0,80,0.238
PA1108,YYZ-YVR,YYZ,YVR,Premium,2027-05-03,0,False,Spring,False,223,6,150,30,200,1.0,0.9,22,0.267
PA1109,YYZ-PEK,YYZ,PEK,Economy,2027-03-25,3,False,Spring,False,184,16,260,182,900,0.4,0.39,123,0.324
PA1110,YYZ-CUN,YYZ,CUN,Economy,2027-01-02,5,True,Winter,False,102,18,200,140,320,1.0,1.0,134,0.043
PA1111,YYZ-YYC,YYZ,YYC,Economy,2026-12-07,0,False,Winter,False,76,8,150,105,220,0.6,0.54,66,0.371
PA1112,YYZ-CDG,YYZ,CDG,Premium,2027-08-22,6,True,Summer,False,334,12,250,50,650,0.7,0.76,45,0.1
PA1113,YYZ-JFK,YYZ,JFK,Economy,2026-11-17,1,False,Fall,False,56,20,130,91,180,0.9,0.94,78,0.143
PA1114,YYZ-YVR,YYZ,YVR,Premium,2027-03-31,2,False,Spring,False,190,18,150,30,200,1.0,0.92,19,0.367
PA1115,YYZ-YVR,YYZ,YVR,Economy,2027-08-17,1,False,Summer,False,329,20,150,105,200,1.0,1.0,74,0.295
PA1116,YYZ-PEK,YYZ,PEK,Business,2027-08-21,5,True,Summer,False,333,12,260,26,900,0.4,0.38,23,0.115
PA1117,YYZ-JFK,YYZ,JFK,Economy,2026-12-15,1,False,Winter,False,84,18,130,91,180,0.9,0.93,83,0.088
PA1118,YYZ-YEG,YYZ,YEG,Business,2026-11-12,3,False,Fall,False,51,6,160,16,250,0.3,0.31,14,0.125
PA1119,YYZ-FRA,YYZ,FRA,Premium,2026-12-05,5,True,Winter,False,74,20,240,48,680,0.5,0.54,31,0.354
PA1120,YYZ-YHZ,YYZ,YHZ,Economy,2026-10-06,1,False,Fall,False,14,16,140,98,150,0.5,0.49,52,0.469
PA1121,YYZ-YOW,YYZ,YOW,Premium,2027-01-26,1,False,Winter,False,126,20,120,24,90,0.9,0.96,14,0.417
PA1122,YYZ-YVR,YYZ,YVR,Economy,2026-10-10,5,True,Fall,False,18,14,150,105,200,1.0,1.0,48,0.543
PA1123,YYZ-FRA,YYZ,FRA,Premium,2026-10-19,0,False,Fall,False,27,8,240,48,680,0.5,0.47,24,0.5
PA1124,YYZ-JFK,YYZ,JFK,Economy,2026-09-26,5,True,Fall,False,4,14,130,91,180,0.9,0.99,14,0.846
PA1125,YYZ-CDG,YYZ,CDG,Economy,2026-11-05,3,False,Fall,False,44,12,250,175,650,0.7,0.69,106,0.394
PA1126,YYZ-YEG,YYZ,YEG,Business,2026-10-03,5,True,Fall,False,11,22,160,16,250,0.3,0.32,5,0.688
PA1127,YYZ-YOW,YYZ,YOW,Economy,2026-10-26,0,False,Fall,False,34,12,120,84,90,0.9,0.96,53,0.369
PA1128,YYZ-CDG,YYZ,CDG,Premium,2027-02-13,5,True,Winter,False,144,10,250,50,650,0.7,0.65,38,0.24
PA1129,YYZ-YOW,YYZ,YOW,Premium,2026-12-04,4,False,Winter,False,73,20,120,24,90,0.9,0.96,22,0.083
PA1130,YYZ-NRT,YYZ,NRT,Economy,2026-11-06,4,False,Fall,False,45,18,260,182,950,0.8,0.83,127,0.302
PA1131,YYZ-FRA,YYZ,FRA,Business,2026-12-06,6,True,Winter,False,75,20,240,24,680,0.5,0.48,22,0.083
PA1132,YYZ-YHZ,YYZ,YHZ,Economy,2026-11-25,2,False,Fall,False,64,18,140,98,150,0.5,0.47,73,0.255
PA1133,YYZ-JFK,YYZ,JFK,Economy,2026-10-20,1,False,Fall,False,28,16,130,91,180,0.9,0.89,62,0.319
PA1134,YYZ-YOW,YYZ,YOW,Premium,2026-09-28,0,False,Fall,False,6,22,120,24,90,0.9,0.95,1,0.958
PA1135,YYZ-YHZ,YYZ,YHZ,Economy,2027-06-22,1,False,Summer,False,273,20,140,98,150,0.5,0.46,69,0.296
PA1136,YYZ-JFK,YYZ,JFK,Economy,2026-12-16,2,False,Winter,False,85,10,130,91,180,0.9,0.86,69,0.242
PA1137,YYZ-CUN,YYZ,CUN,Premium,2026-10-20,1,False,Fall,False,28,10,200,40,320,1.0,0.91,15,0.625
PA1138,YYZ-YHZ,YYZ,YHZ,Economy,2026-09-23,2,False,Fall,False,1,20,140,98,150,0.5,0.55,13,0.867
PA1139,YYZ-YYC,YYZ,YYC,Premium,2027-07-26,0,False,Summer,False,307,16,150,30,220,0.6,0.61,27,0.1
PA1140,YYZ-LAX,YYZ,LAX,Economy,2026-11-28,5,True,Fall,False,67,12,180,125,300,0.7,0.71,94,0.248
PA1141,YYZ-JFK,YYZ,JFK,Business,2027-04-15,3,False,Spring,False,205,18,130,13,180,0.9,0.98,10,0.231
PA1142,YYZ-YVR,YYZ,YVR,Premium,2027-04-16,4,False,Spring,False,206,12,150,30,200,1.0,1.0,24,0.2
PA1143,YYZ-YYC,YYZ,YYC,Business,2027-03-08,0,False,Spring,False,167,14,150,15,220,0.6,0.58,9,0.4
PA1144,YYZ-YHZ,YYZ,YHZ,Economy,2026-09-27,6,True,Fall,False,5,20,140,98,150,0.5,0.54,32,0.673
PA1145,YYZ-YOW,YYZ,YOW,Premium,2026-12-09,2,False,Winter,False,78,14,120,24,90,0.9,0.81,23,0.042
PA1146,YYZ-LAX,YYZ,LAX,Economy,2026-10-29,3,False,Fall,False,37,20,180,125,300,0.7,0.69,99,0.208
PA1147,YYZ-YEG,YYZ,YEG,Premium,2026-11-29,6,True,Fall,False,68,14,160,32,250,0.3,0.33,22,0.312
PA1148,YYZ-LAX,YYZ,LAX,Economy,2026-11-04,2,False,Fall,False,43,10,180,125,300,0.7,0.7,94,0.248
PA1149,YYZ-YVR,YYZ,YVR,Economy,2026-11-07,5,True,Fall,False,46,14,150,105,200,1.0,1.0,79,0.248
PA1150,YYZ-CUN,YYZ,CUN,Economy,2027-01-25,0,False,Winter,False,125,14,200,140,320,1.0,1.0,109,0.221
PA1151,YYZ-LAX,YYZ,LAX,Economy,2026-12-05,5,True,Winter,False,74,16,180,125,300,0.7,0.65,78,0.376
PA1152,YYZ-YEG,YYZ,YEG,Premium,2027-05-17,0,False,Spring,False,237,18,160,32,250,0.3,0.28,29,0.094
PA1153,YYZ-YEG,YYZ,YEG,Economy,2026-10-14,2,False,Fall,False,22,20,160,112,250,0.3,0.3,69,0.384
PA1154,YYZ-CUN,YYZ,CUN,Economy,2027-05-11,1,False,Spring,False,231,8,200,140,320,1.0,0.93,91,0.35
PA1155,YYZ-YOW,YYZ,YOW,Economy,2026-09-29,1,False,Fall,False,7,22,120,84,90,0.9,0.96,39,0.536
PA1156,YYZ-YEG,YYZ,YEG,Premium,2026-10-02,4,False,Fall,False,10,10,160,32,250,0.3,0.33,20,0.375
PA1157,YYZ-YOW,YYZ,YOW,Economy,2026-11-06,4,False,Fall,False,45,8,120,84,90,0.9,0.89,80,0.048
PA1158,YYZ-YHZ,YYZ,YHZ,Economy,2026-11-25,2,False,Fall,False,64,20,140,98,150,0.5,0.52,87,0.112
PA1159,YYZ-YVR,YYZ,YVR,Economy,2026-10-29,3,False,Fall,False,37,16,150,105,200,1.0,0.98,97,0.076
PA1160,YYZ-JFK,YYZ,JFK,Premium,2027-01-26,1,False,Winter,False,126,12,130,26,180,0.9,0.93,19,0.269
PA1161,YYZ-JFK,YYZ,JFK,Premium,2026-10-27,1,False,Fall,False,35,8,130,26,180,0.9,0.94,22,0.154
PA1162,YYZ-NRT,YYZ,NRT,Business,2026-09-26,5,True,Fall,False,4,16,260,26,950,0.8,0.73,8,0.692
PA1163,YYZ-PEK,YYZ,PEK,Economy,2027-09-20,0,False,Fall,False,363,8,260,182,900,0.4,0.39,158,0.132
PA1164,YYZ-CUN,YYZ,CUN,Economy,2026-09-25,4,False,Fall,False,3,12,200,140,320,1.0,0.97,43,0.693
PA1165,YYZ-YHZ,YYZ,YHZ,Premium,2026-09-29,1,False,Fall,False,7,14,140,28,150,0.5,0.55,9,0.679
PA1166,YYZ-JFK,YYZ,JFK,Economy,2026-09-27,6,True,Fall,False,5,16,130,91,180,0.9,0.9,19,0.791
PA1167,YYZ-YYC,YYZ,YYC,Economy,2027-03-29,0,False,Spring,False,188,10,150,105,220,0.6,0.59,80,0.238
PA1168,YYZ-CDG,YYZ,CDG,Economy,2026-11-16,0,False,Fall,False,55,14,250,175,650,0.7,0.65,154,0.12
PA1169,YYZ-JFK,YYZ,JFK,Economy,2026-10-03,5,True,Fall,False,11,12,130,91,180,0.9,0.82,33,0.637
PA1170,YYZ-YOW,YYZ,YOW,Premium,2026-11-24,1,False,Fall,False,63,16,120,24,90,0.9,0.89,21,0.125
PA1171,YYZ-CUN,YYZ,CUN,Premium,2026-12-19,5,True,Winter,False,88,8,200,40,320,1.0,0.99,30,0.25
PA1172,YYZ-YOW,YYZ,YOW,Premium,2026-12-12,5,True,Winter,False,81,12,120,24,90,0.9,0.95,16,0.333
PA1173,YYZ-FRA,YYZ,FRA,Economy,2026-12-13,6,True,Winter,False,82,16,240,168,680,0.5,0.45,156,0.071
PA1174,YYZ-LAX,YYZ,LAX,Business,2026-11-20,4,False,Fall,False,59,22,180,18,300,0.7,0.67,12,0.333
PA1175,YYZ-YEG,YYZ,YEG,Business,2026-11-24,1,False,Fall,False,63,14,160,16,250,0.3,0.3,10,0.375
PA1176,YYZ-YOW,YYZ,YOW,Economy,2026-12-10,3,False,Winter,False,79,20,120,84,90,0.9,0.86,55,0.345
PA1177,YYZ-YHZ,YYZ,YHZ,Economy,2026-10-17,5,True,Fall,False,25,12,140,98,150,0.5,0.47,60,0.388
PA1178,YYZ-PEK,YYZ,PEK,Premium,2026-11-06,4,False,Fall,False,45,10,260,52,900,0.4,0.41,47,0.096
PA1179,YYZ-LAX,YYZ,LAX,Economy,2026-12-02,2,False,Winter,False,71,8,180,125,300,0.7,0.69,85,0.32
PA1180,YYZ-JFK,YYZ,JFK,Premium,2026-12-01,1,False,Winter,False,70,6,130,26,180,0.9,0.86,25,0.038
PA1181,YYZ-YEG,YYZ,YEG,Economy,2026-10-12,0,False,Fall,True,20,6,160,112,250,0.3,0.3,72,0.357
PA1182,YYZ-LAX,YYZ,LAX,Premium,2026-10-29,3,False,Fall,False,37,12,180,36,300,0.7,0.64,32,0.111
PA1183,YYZ-YVR,YYZ,YVR,Premium,2026-11-18,2,False,Fall,False,57,14,150,30,200,1.0,0.94,26,0.133
PA1184,YYZ-LAX,YYZ,LAX,Business,2026-09-26,5,True,Fall,False,4,22,180,18,300,0.7,0.66,5,0.722
PA1185,YYZ-JFK,YYZ,JFK,Economy,2026-12-17,3,False,Winter,False,86,6,130,91,180,0.9,0.97,62,0.319
PA1186,YYZ-LAX,YYZ,LAX,Economy,2026-10-11,6,True,Fall,False,19,20,180,125,300,0.7,0.74,81,0.352
PA1187,YYZ-YYC,YYZ,YYC,Premium,2026-12-03,3,False,Winter,False,72,6,150,30,220,0.6,0.57,18,0.4
PA1188,YYZ-YOW,YYZ,YOW,Premium,2026-11-24,1,False,Fall,False,63,22,120,24,90,0.9,0.99,18,0.25
PA1189,YYZ-YEG,YYZ,YEG,Economy,2026-11-01,6,True,Fall,False,40,14,160,112,250,0.3,0.27,98,0.125
PA1190,YYZ-JFK,YYZ,JFK,Economy,2026-12-13,6,True,Winter,False,82,12,130,91,180,0.9,0.91,84,0.077
PA1191,YYZ-YHZ,YYZ,YHZ,Economy,2026-12-15,1,False,Winter,False,84,8,140,98,150,0.5,0.53,66,0.327
PA1192,YYZ-YYC,YYZ,YYC,Economy,2026-11-18,2,False,Fall,False,57,6,150,105,220,0.6,0.6,93,0.114
PA1193,YYZ-LAX,YYZ,LAX,Business,2026-10-20,1,False,Fall,False,28,6,180,18,300,0.7,0.64,11,0.389
PA1194,YYZ-JFK,YYZ,JFK,Economy,2027-05-03,0,False,Spring,False,223,12,130,91,180,0.9,0.84,68,0.253
PA1195,YYZ-JFK,YYZ,JFK,Economy,2026-11-26,3,False,Fall,False,65,10,130,91,180,0.9,0.97,74,0.187
PA1196,YYZ-YOW,YYZ,YOW,Premium,2026-11-22,6,True,Fall,False,61,14,120,24,90,0.9,0.88,18,0.25
PA1197,YYZ-CUN,YYZ,CUN,Economy,2026-11-09,0,False,Fall,False,48,14,200,140,320,1.0,0.97,89,0.364
PA1198,YYZ-CUN,YYZ,CUN,Premium,2026-11-27,4,False,Fall,False,66,20,200,40,320,1.0,0.95,28,0.3
PA1199,YYZ-YHZ,YYZ,YHZ,Economy,2026-11-01,6,True,Fall,False,40,10,140,98,150,0.5,0.54,81,0.173
PA1200,YYZ-PEK,YYZ,PEK,Economy,2027-03-07,6,True,Spring,False,166,6,260,182,900,0.4,0.38,118,0.352
PA1201,YYZ-YVR,YYZ,YVR,Economy,2026-11-01,6,True,Fall,False,40,22,150,105,200,1.0,0.9,77,0.267
PA1202,YYZ-CUN,YYZ,CUN,Economy,2026-09-29,1,False,Fall,False,7,16,200,140,320,1.0,0.95,84,0.4
PA1203,YYZ-YEG,YYZ,YEG,Economy,2027-06-14,0,False,Summer,False,265,22,160,112,250,0.3,0.29,88,0.214
PA1204,YYZ-YOW,YYZ,YOW,Economy,2026-12-20,6,True,Winter,False,89,10,120,84,90,0.9,0.97,66,0.214
PA1205,YYZ-JFK,YYZ,JFK,Economy,2026-11-06,4,False,Fall,False,45,12,130,91,180,0.9,0.84,56,0.385
PA1206,YYZ-YVR,YYZ,YVR,Premium,2026-09-27,6,True,Fall,False,5,18,150,30,200,1.0,1.0,10,0.667
PA1207,YYZ-CDG,YYZ,CDG,Business,2026-10-18,6,True,Fall,False,26,20,250,25,650,0.7,0.69,11,0.56
PA1208,YYZ-YHZ,YYZ,YHZ,Economy,2026-12-13,6,True,Winter,False,82,14,140,98,150,0.5,0.5,64,0.347
PA1209,YYZ-YVR,YYZ,YVR,Premium,2026-10-25,6,True,Fall,False,33,16,150,30,200,1.0,1.0,29,0.033
PA1210,YYZ-YYC,YYZ,YYC,Economy,2026-10-20,1,False,Fall,False,28,10,150,105,220,0.6,0.64,71,0.324
PA1211,YYZ-PEK,YYZ,PEK,Economy,2026-10-22,3,False,Fall,False,30,12,260,182,900,0.4,0.37,179,0.016
PA1212,YYZ-YEG,YYZ,YEG,Economy,2027-05-26,2,False,Spring,False,246,10,160,112,250,0.3,0.29,69,0.384
PA1213,YYZ-LAX,YYZ,LAX,Premium,2026-10-14,2,False,Fall,False,22,12,180,36,300,0.7,0.72,19,0.472
PA1214,YYZ-PEK,YYZ,PEK,Economy,2026-10-25,6,True,Fall,False,33,18,260,182,900,0.4,0.4,129,0.291
PA1215,YYZ-CUN,YYZ,CUN,Economy,2026-12-03,3,False,Winter,False,72,12,200,140,320,1.0,0.92,99,0.293
PA1216,YYZ-YYC,YYZ,YYC,Business,2026-11-14,5,True,Fall,False,53,12,150,15,220,0.6,0.54,13,0.133
PA1217,YYZ-CDG,YYZ,CDG,Economy,2026-12-21,0,False,Winter,False,90,10,250,175,650,0.7,0.75,126,0.28
PA1218,YYZ-CUN,YYZ,CUN,Economy,2027-08-08,6,True,Summer,False,320,8,200,140,320,1.0,0.97,123,0.121
PA1219,YYZ-CUN,YYZ,CUN,Economy,2026-10-04,6,True,Fall,False,12,16,200,140,320,1.0,0.99,47,0.664
PA1220,YYZ-CUN,YYZ,CUN,Business,2026-09-29,1,False,Fall,False,7,18,200,20,320,1.0,0.91,8,0.6
PA1221,YYZ-CUN,YYZ,CUN,Premium,2027-03-20,5,True,Spring,False,179,18,200,40,320,1.0,1.0,36,0.1
PA1222,YYZ-PEK,YYZ,PEK,Premium,2027-07-11,6,True,Summer,False,292,20,260,52,900,0.4,0.4,45,0.135
PA1223,YYZ-PEK,YYZ,PEK,Economy,2026-12-12,5,True,Winter,False,81,12,260,182,900,0.4,0.42,172,0.055
PA1224,YYZ-JFK,YYZ,JFK,Premium,2026-09-24,3,False,Fall,False,2,10,130,26,180,0.9,0.93,2,0.923
PA1225,YYZ-YHZ,YYZ,YHZ,Economy,2026-10-08,3,False,Fall,False,16,18,140,98,150,0.5,0.55,61,0.378
PA1226,YYZ-LAX,YYZ,LAX,Economy,2026-10-03,5,True,Fall,False,11,18,180,125,300,0.7,0.76,73,0.416
PA1227,YYZ-JFK,YYZ,JFK,Premium,2026-10-27,1,False,Fall,False,35,10,130,26,180,0.9,0.97,16,0.385
PA1228,YYZ-YOW,YYZ,YOW,Economy,2026-10-01,3,False,Fall,False,9,12,120,84,90,0.9,0.86,27,0.679
PA1229,YYZ-YHZ,YYZ,YHZ,Economy,2026-11-17,1,False,Fall,False,56,12,140,98,150,0.5,0.47,97,0.01
PA1230,YYZ-PEK,YYZ,PEK,Economy,2026-12-08,1,False,Winter,False,77,22,260,182,900,0.4,0.42,121,0.335
PA1231,YYZ-PEK,YYZ,PEK,Economy,2026-09-23,2,False,Fall,False,1,22,260,182,900,0.4,0.39,69,0.621
PA1232,YYZ-LAX,YYZ,LAX,Economy,2026-11-22,6,True,Fall,False,61,18,180,125,300,0.7,0.72,101,0.192
PA1233,YYZ-YVR,YYZ,YVR,Economy,2026-10-27,1,False,Fall,False,35,12,150,105,200,1.0,0.91,84,0.2
PA1234,YYZ-JFK,YYZ,JFK,Premium,2027-05-11,1,False,Spring,False,231,22,130,26,180,0.9,0.9,23,0.115
PA1235,YYZ-FRA,YYZ,FRA,Economy,2026-12-06,6,True,Winter,False,75,8,240,168,680,0.5,0.54,101,0.399
PA1236,YYZ-CDG,YYZ,CDG,Premium,2026-11-06,4,False,Fall,False,45,10,250,50,650,0.7,0.76,49,0.02
PA1237,YYZ-JFK,YYZ,JFK,Economy,2026-11-13,4,False,Fall,False,52,16,130,91,180,0.9,0.86,72,0.209
PA1238,YYZ-CDG,YYZ,CDG,Economy,2027-07-14,2,False,Summer,False,295,6,250,175,650,0.7,0.76,153,0.126
PA1239,YYZ-NRT,YYZ,NRT,Economy,2026-10-09,4,False,Fall,False,17,16,260,182,950,0.8,0.84,118,0.352
PA1240,YYZ-LAX,YYZ,LAX,Premium,2026-09-26,5,True,Fall,False,4,6,180,36,300,0.7,0.73,5,0.861
PA1241,YYZ-NRT,YYZ,NRT,Economy,2026-11-19,3,False,Fall,False,58,18,260,182,950,0.8,0.84,152,0.165
PA1242,YYZ-PEK,YYZ,PEK,Economy,2026-10-21,2,False,Fall,False,29,10,260,182,900,0.4,0.42,74,0.593
PA1243,YYZ-CDG,YYZ,CDG,Economy,2026-10-28,2,False,Fall,False,36,20,250,175,650,0.7,0.73,136,0.223
PA1244,YYZ-YYC,YYZ,YYC,Premium,2027-01-01,4,False,Winter,True,101,14,150,30,220,0.6,0.61,21,0.3
PA1245,YYZ-LAX,YYZ,LAX,Economy,2026-11-12,3,False,Fall,False,51,16,180,125,300,0.7,0.69,100,0.2
PA1246,YYZ-CDG,YYZ,CDG,Economy,2026-09-28,0,False,Fall,False,6,14,250,175,650,0.7,0.72,19,0.891
PA1247,YYZ-YOW,YYZ,YOW,Premium,2026-09-26,5,True,Fall,False,4,6,120,24,90,0.9,0.9,5,0.792
PA1248,YYZ-FRA,YYZ,FRA,Economy,2027-05-17,0,False,Spring,False,237,14,240,168,680,0.5,0.52,114,0.321
PA1249,YYZ-YEG,YYZ,YEG,Economy,2026-09-28,0,False,Fall,False,6,8,160,112,250,0.3,0.28,38,0.661
PA1250,YYZ-YVR,YYZ,YVR,Economy,2026-11-12,3,False,Fall,False,51,16,150,105,200,1.0,1.0,97,0.076
PA1251,YYZ-JFK,YYZ,JFK,Premium,2026-10-06,1,False,Fall,False,14,12,130,26,180,0.9,0.89,12,0.538
PA1252,YYZ-CUN,YYZ,CUN,Economy,2026-11-30,0,False,Fall,False,69,18,200,140,320,1.0,1.0,90,0.357
PA1253,YYZ-YVR,YYZ,YVR,Economy,2026-10-18,6,True,Fall,False,26,20,150,105,200,1.0,1.0,43,0.59
PA1254,YYZ-YYC,YYZ,YYC,Economy,2027-07-03,5,True,Summer,False,284,10,150,105,220,0.6,0.59,64,0.39
PA1255,YYZ-YVR,YYZ,YVR,Premium,2026-10-05,0,False,Fall,False,13,12,150,30,200,1.0,0.96,19,0.367
PA1256,YYZ-YVR,YYZ,YVR,Economy,2027-02-27,5,True,Winter,False,158,12,150,105,200,1.0,1.0,96,0.086
PA1257,YYZ-FRA,YYZ,FRA,Economy,2026-10-03,5,True,Fall,False,11,14,240,168,680,0.5,0.55,93,0.446
PA1258,YYZ-YYC,YYZ,YYC,Economy,2027-09-01,2,False,Fall,False,344,22,150,105,220,0.6,0.55,72,0.314
PA1259,YYZ-YYC,YYZ,YYC,Economy,2026-12-01,1,False,Winter,False,70,6,150,105,220,0.6,0.66,95,0.095
PA1260,YYZ-JFK,YYZ,JFK,Economy,2027-07-15,3,False,Summer,False,296,6,130,91,180,0.9,0.93,72,0.209
PA1261,YYZ-JFK,YYZ,JFK,Economy,2026-10-14,2,False,Fall,False,22,16,130,91,180,0.9,0.94,51,0.44
PA1262,YYZ-JFK,YYZ,JFK,Economy,2026-10-19,0,False,Fall,False,27,18,130,91,180,0.9,0.92,49,0.462
PA1263,YYZ-CUN,YYZ,CUN,Economy,2027-09-18,5,True,Fall,False,361,20,200,140,320,1.0,1.0,96,0.314
PA1264,YYZ-PEK,YYZ,PEK,Premium,2027-09-07,1,False,Fall,False,350,12,260,52,900,0.4,0.37,34,0.346
PA1265,YYZ-YEG,YYZ,YEG,Economy,2026-11-18,2,False,Fall,False,57,10,160,112,250,0.3,0.29,70,0.375
PA1266,YYZ-YHZ,YYZ,YHZ,Economy,2026-12-24,3,False,Winter,False,93,18,140,98,150,0.5,0.46,81,0.173
PA1267,YYZ-LAX,YYZ,LAX,Economy,2026-09-29,1,False,Fall,False,7,8,180,125,300,0.7,0.77,73,0.416
PA1268,YYZ-LAX,YYZ,LAX,Economy,2026-10-31,5,True,Fall,False,39,14,180,125,300,0.7,0.71,116,0.072
PA1269,YYZ-YVR,YYZ,YVR,Economy,2026-10-19,0,False,Fall,False,27,12,150,105,200,1.0,1.0,43,0.59
PA1270,YYZ-LAX,YYZ,LAX,Business,2027-01-19,1,False,Winter,False,119,12,180,18,300,0.7,0.68,13,0.278
PA1271,YYZ-YYC,YYZ,YYC,Economy,2027-04-23,4,False,Spring,False,213,16,150,105,220,0.6,0.58,87,0.171
PA1272,YYZ-CDG,YYZ,CDG,Economy,2026-11-22,6,True,Fall,False,61,22,250,175,650,0.7,0.66,169,0.034
PA1273,YYZ-CDG,YYZ,CDG,Economy,2026-10-10,5,True,Fall,False,18,16,250,175,650,0.7,0.75,58,0.669
PA1274,YYZ-FRA,YYZ,FRA,Premium,2026-10-29,3,False,Fall,False,37,22,240,48,680,0.5,0.5,46,0.042
PA1275,YYZ-YEG,YYZ,YEG,Premium,2026-12-05,5,True,Winter,False,74,20,160,32,250,0.3,0.31,31,0.031
PA1276,YYZ-CUN,YYZ,CUN,Economy,2026-09-29,1,False,Fall,False,7,22,200,140,320,1.0,1.0,57,0.593
PA1277,YYZ-FRA,YYZ,FRA,Economy,2027-03-12,4,False,Spring,False,171,8,240,168,680,0.5,0.51,146,0.131
PA1278,YYZ-YEG,YYZ,YEG,Business,2026-11-05,3,False,Fall,False,44,10,160,16,250,0.3,0.28,11,0.312
PA1279,YYZ-JFK,YYZ,JFK,Premium,2027-05-13,3,False,Spring,False,233,20,130,26,180,0.9,0.86,25,0.038
PA1280,YYZ-LAX,YYZ,LAX,Economy,2026-09-29,1,False,Fall,False,7,10,180,125,300,0.7,0.72,86,0.312
PA1281,YYZ-CDG,YYZ,CDG,Economy,2026-10-23,4,False,Fall,False,31,14,250,175,650,0.7,0.66,161,0.08
PA1282,YYZ-NRT,YYZ,NRT,Economy,2026-12-11,4,False,Winter,False,80,20,260,182,950,0.8,0.76,131,0.28
PA1283,YYZ-YHZ,YYZ,YHZ,Economy,2027-03-25,3,False,Spring,False,184,12,140,98,150,0.5,0.47,69,0.296
PA1284,YYZ-JFK,YYZ,JFK,Economy,2026-10-05,0,False,Fall,False,13,12,130,91,180,0.9,0.83,50,0.451
PA1285,YYZ-PEK,YYZ,PEK,Economy,2026-10-15,3,False,Fall,False,23,10,260,182,900,0.4,0.42,121,0.335
PA1286,YYZ-NRT,YYZ,NRT,Economy,2026-10-21,2,False,Fall,False,29,10,260,182,950,0.8,0.79,67,0.632
PA1287,YYZ-YEG,YYZ,YEG,Economy,2026-11-04,2,False,Fall,False,43,22,160,112,250,0.3,0.29,81,0.277
PA1288,YYZ-CDG,YYZ,CDG,Economy,2027-05-18,1,False,Spring,False,238,16,250,175,650,0.7,0.69,108,0.383
PA1289,YYZ-NRT,YYZ,NRT,Economy,2027-07-16,4,False,Summer,False,297,18,260,182,950,0.8,0.76,157,0.137
PA1290,YYZ-JFK,YYZ,JFK,Premium,2027-03-24,2,False,Spring,False,183,20,130,26,180,0.9,0.95,23,0.115
PA1291,YYZ-YHZ,YYZ,YHZ,Economy,2027-06-08,1,False,Summer,False,259,22,140,98,150,0.5,0.5,84,0.143
PA1292,YYZ-YHZ,YYZ,YHZ,Premium,2026-09-23,2,False,Fall,False,1,12,140,28,150,0.5,0.5,6,0.786
PA1293,YYZ-FRA,YYZ,FRA,Economy,2026-11-19,3,False,Fall,False,58,16,240,168,680,0.5,0.49,154,0.083
PA1294,YYZ-YYC,YYZ,YYC,Economy,2026-09-24,3,False,Fall,False,2,12,150,105,220,0.6,0.56,13,0.876
PA1295,YYZ-YEG,YYZ,YEG,Premium,2026-11-10,1,False,Fall,False,49,20,160,32,250,0.3,0.3,27,0.156
PA1296,YYZ-PEK,YYZ,PEK,Economy,2026-10-24,5,True,Fall,False,32,18,260,182,900,0.4,0.4,162,0.11
PA1297,YYZ-YHZ,YYZ,YHZ,Business,2026-09-23,2,False,Fall,False,1,18,140,14,150,0.5,0.53,2,0.857
PA1298,YYZ-LAX,YYZ,LAX,Economy,2027-06-06,6,True,Summer,False,257,20,180,125,300,0.7,0.76,116,0.072
PA1299,YYZ-YEG,YYZ,YEG,Premium,2027-04-13,1,False,Spring,False,203,18,160,32,250,0.3,0.32,31,0.031
PA1300,YYZ-CDG,YYZ,CDG,Economy,2026-09-24,3,False,Fall,False,2,8,250,175,650,0.7,0.74,37,0.789
PA1301,YYZ-YHZ,YYZ,YHZ,Premium,2026-10-29,3,False,Fall,False,37,12,140,28,150,0.5,0.48,26,0.071
PA1302,YYZ-LAX,YYZ,LAX,Economy,2026-12-04,4,False,Winter,False,73,10,180,125,300,0.7,0.71,102,0.184
PA1303,YYZ-NRT,YYZ,NRT,Economy,2026-11-19,3,False,Fall,False,58,22,260,182,950,0.8,0.86,112,0.385
PA1304,YYZ-YYC,YYZ,YYC,Business,2027-07-20,1,False,Summer,False,301,18,150,15,220,0.6,0.59,11,0.267
PA1305,YYZ-YHZ,YYZ,YHZ,Economy,2026-12-07,0,False,Winter,False,76,22,140,98,150,0.5,0.53,94,0.041
PA1306,YYZ-PEK,YYZ,PEK,Premium,2027-07-03,5,True,Summer,False,284,10,260,52,900,0.4,0.38,43,0.173
PA1307,YYZ-NRT,YYZ,NRT,Economy,2026-10-18,6,True,Fall,False,26,10,260,182,950,0.8,0.8,59,0.676
PA1308,YYZ-YVR,YYZ,YVR,Business,2026-11-24,1,False,Fall,False,63,16,150,15,200,1.0,1.0,12,0.2
PA1309,YYZ-YYC,YYZ,YYC,Premium,2026-12-06,6,True,Winter,False,75,12,150,30,220,0.6,0.57,18,0.4
PA1310,YYZ-LAX,YYZ,LAX,Business,2026-10-27,1,False,Fall,False,35,20,180,18,300,0.7,0.66,13,0.278
PA1311,YYZ-YVR,YYZ,YVR,Business,2027-06-14,0,False,Summer,False,265,12,150,15,200,1.0,1.0,9,0.4
PA1312,YYZ-JFK,YYZ,JFK,Business,2026-11-14,5,True,Fall,False,53,22,130,13,180,0.9,0.87,12,0.077
PA1313,YYZ-YVR,YYZ,YVR,Premium,2026-11-24,1,False,Fall,False,63,8,150,30,200,1.0,0.97,21,0.3
PA1314,YYZ-YVR,YYZ,YVR,Economy,2027-03-12,4,False,Spring,False,171,20,150,105,200,1.0,1.0,81,0.229
PA1315,YYZ-NRT,YYZ,NRT,Economy,2026-12-04,4,False,Winter,False,73,20,260,182,950,0.8,0.87,163,0.104
PA1316,YYZ-FRA,YYZ,FRA,Premium,2026-12-06,6,True,Winter,False,75,6,240,48,680,0.5,0.45,45,0.062
PA1317,YYZ-CUN,YYZ,CUN,Economy,2027-02-28,6,True,Winter,False,159,12,200,140,320,1.0,0.97,111,0.207
PA1318,YYZ-YYC,YYZ,YYC,Economy,2026-12-03,3,False,Winter,False,72,8,150,105,220,0.6,0.65,69,0.343
PA1319,YYZ-YHZ,YYZ,YHZ,Economy,2026-12-10,3,False,Winter,False,79,20,140,98,150,0.5,0.52,67,0.316
PA1320,YYZ-CUN,YYZ,CUN,Premium,2026-12-05,5,True,Winter,False,74,6,200,40,320,1.0,1.0,27,0.325
PA1321,YYZ-YYC,YYZ,YYC,Economy,2026-09-27,6,True,Fall,False,5,8,150,105,220,0.6,0.66,24,0.771
PA1322,YYZ-YHZ,YYZ,YHZ,Premium,2026-12-05,5,True,Winter,False,74,18,140,28,150,0.5,0.48,26,0.071
PA1323,YYZ-YYC,YYZ,YYC,Economy,2026-12-03,3,False,Winter,False,72,14,150,105,220,0.6,0.56,94,0.105
PA1324,YYZ-YVR,YYZ,YVR,Premium,2026-11-14,5,True,Fall,False,53,12,150,30,200,1.0,1.0,22,0.267
PA1325,YYZ-CDG,YYZ,CDG,Economy,2027-06-28,0,False,Summer,False,279,18,250,175,650,0.7,0.7,152,0.131
PA1326,YYZ-YYC,YYZ,YYC,Business,2027-03-04,3,False,Spring,False,163,16,150,15,220,0.6,0.65,9,0.4
PA1327,YYZ-LAX,YYZ,LAX,Economy,2026-10-06,1,False,Fall,False,14,10,180,125,300,0.7,0.67,66,0.472
PA1328,YYZ-YOW,YYZ,YOW,Economy,2027-01-09,5,True,Winter,False,109,22,120,84,90,0.9,0.9,81,0.036
PA1329,YYZ-CDG,YYZ,CDG,Business,2026-10-13,1,False,Fall,False,21,12,250,25,650,0.7,0.69,12,0.52
PA1330,YYZ-YOW,YYZ,YOW,Premium,2026-11-13,4,False,Fall,False,52,8,120,24,90,0.9,0.89,23,0.042
PA1331,YYZ-NRT,YYZ,NRT,Economy,2027-05-21,4,False,Spring,False,241,20,260,182,950,0.8,0.75,157,0.137
PA1332,YYZ-LAX,YYZ,LAX,Premium,2026-10-29,3,False,Fall,False,37,14,180,36,300,0.7,0.64,24,0.333
PA1333,YYZ-YOW,YYZ,YOW,Premium,2026-12-10,3,False,Winter,False,79,12,120,24,90,0.9,0.91,17,0.292
PA1334,YYZ-NRT,YYZ,NRT,Economy,2027-04-22,3,False,Spring,False,212,20,260,182,950,0.8,0.78,149,0.181
PA1335,YYZ-NRT,YYZ,NRT,Economy,2026-11-12,3,False,Fall,False,51,14,260,182,950,0.8,0.8,110,0.396
PA1336,YYZ-CDG,YYZ,CDG,Economy,2027-07-21,2,False,Summer,False,302,8,250,175,650,0.7,0.72,163,0.069
PA1337,YYZ-LAX,YYZ,LAX,Business,2026-12-19,5,True,Winter,False,88,20,180,18,300,0.7,0.68,15,0.167
PA1338,YYZ-NRT,YYZ,NRT,Premium,2026-10-21,2,False,Fall,False,29,18,260,52,950,0.8,0.79,28,0.462
PA1339,YYZ-YYC,YYZ,YYC,Business,2026-11-07,5,True,Fall,False,46,8,150,15,220,0.6,0.6,12,0.2
PA1340,YYZ-FRA,YYZ,FRA,Business,2027-02-13,5,True,Winter,False,144,16,240,24,680,0.5,0.45,18,0.25
PA1341,YYZ-LAX,YYZ,LAX,Business,2026-11-28,5,True,Fall,False,67,8,180,18,300,0.7,0.64,15,0.167
PA1342,YYZ-YVR,YYZ,YVR,Economy,2026-12-14,0,False,Winter,False,83,16,150,105,200,1.0,0.94,80,0.238
PA1343,YYZ-LAX,YYZ,LAX,Economy,2027-03-09,1,False,Spring,False,168,18,180,125,300,0.7,0.75,84,0.328
PA1344,YYZ-PEK,YYZ,PEK,Premium,2027-01-22,4,False,Winter,False,122,10,260,52,900,0.4,0.38,50,0.038
PA1345,YYZ-YHZ,YYZ,YHZ,Economy,2026-11-03,1,False,Fall,False,42,16,140,98,150,0.5,0.54,76,0.224
PA1346,YYZ-CDG,YYZ,CDG,Economy,2026-10-15,3,False,Fall,False,23,12,250,175,650,0.7,0.69,74,0.577
PA1347,YYZ-FRA,YYZ,FRA,Economy,2027-08-12,3,False,Summer,False,324,14,240,168,680,0.5,0.55,126,0.25
PA1348,YYZ-LAX,YYZ,LAX,Premium,2027-04-12,0,False,Spring,False,202,8,180,36,300,0.7,0.66,24,0.333
PA1349,YYZ-JFK,YYZ,JFK,Economy,2026-12-04,4,False,Winter,False,73,12,130,91,180,0.9,0.87,67,0.264
PA1350,YYZ-YYC,YYZ,YYC,Economy,2026-11-21,5,True,Fall,False,60,18,150,105,220,0.6,0.64,95,0.095
PA1351,YYZ-JFK,YYZ,JFK,Economy,2026-11-10,1,False,Fall,False,49,22,130,91,180,0.9,0.89,57,0.374
PA1352,YYZ-YOW,YYZ,YOW,Economy,2026-10-30,4,False,Fall,False,38,16,120,84,90,0.9,0.88,68,0.19
PA1353,YYZ-NRT,YYZ,NRT,Economy,2026-09-29,1,False,Fall,False,7,8,260,182,950,0.8,0.81,113,0.379
PA1354,YYZ-YYC,YYZ,YYC,Economy,2026-09-29,1,False,Fall,False,7,18,150,105,220,0.6,0.61,71,0.324
PA1355,YYZ-YVR,YYZ,YVR,Economy,2027-08-24,1,False,Summer,False,336,12,150,105,200,1.0,0.91,89,0.152
PA1356,YYZ-YOW,YYZ,YOW,Economy,2026-10-15,3,False,Fall,False,23,14,120,84,90,0.9,0.95,43,0.488
PA1357,YYZ-CUN,YYZ,CUN,Premium,2026-11-06,4,False,Fall,False,45,18,200,40,320,1.0,1.0,29,0.275
PA1358,YYZ-LAX,YYZ,LAX,Economy,2027-04-24,5,True,Spring,False,214,16,180,125,300,0.7,0.76,79,0.368
PA1359,YYZ-NRT,YYZ,NRT,Business,2026-10-17,5,True,Fall,False,25,22,260,26,950,0.8,0.84,9,0.654
PA1360,YYZ-NRT,YYZ,NRT,Premium,2027-07-26,0,False,Summer,False,307,12,260,52,950,0.8,0.78,51,0.019
PA1361,YYZ-JFK,YYZ,JFK,Economy,2027-01-09,5,True,Winter,False,109,6,130,91,180,0.9,0.9,63,0.308
PA1362,YYZ-YEG,YYZ,YEG,Economy,2027-07-17,5,True,Summer,False,298,18,160,112,250,0.3,0.28,85,0.241
PA1363,YYZ-PEK,YYZ,PEK,Premium,2026-11-04,2,False,Fall,False,43,6,260,52,900,0.4,0.44,39,0.25
PA1364,YYZ-LAX,YYZ,LAX,Economy,2026-11-24,1,False,Fall,False,63,16,180,125,300,0.7,0.65,103,0.176
PA1365,YYZ-LAX,YYZ,LAX,Business,2026-12-24,3,False,Winter,False,93,8,180,18,300,0.7,0.63,15,0.167
PA1366,YYZ-YEG,YYZ,YEG,Economy,2026-11-12,3,False,Fall,False,51,20,160,112,250,0.3,0.28,98,0.125
PA1367,YYZ-PEK,YYZ,PEK,Business,2027-02-23,1,False,Winter,False,154,18,260,26,900,0.4,0.4,20,0.231
PA1368,YYZ-YHZ,YYZ,YHZ,Premium,2027-05-17,0,False,Spring,False,237,20,140,28,150,0.5,0.49,25,0.107
PA1369,YYZ-YOW,YYZ,YOW,Economy,2026-11-02,0,False,Fall,False,41,10,120,84,90,0.9,0.97,71,0.155
PA1370,YYZ-FRA,YYZ,FRA,Economy,2027-08-15,6,True,Summer,False,327,22,240,168,680,0.5,0.55,136,0.19
PA1371,YYZ-CUN,YYZ,CUN,Economy,2026-12-07,0,False,Winter,False,76,20,200,140,320,1.0,1.0,92,0.343
PA1372,YYZ-JFK,YYZ,JFK,Economy,2026-12-19,5,True,Winter,False,88,6,130,91,180,0.9,0.86,70,0.231
PA1373,YYZ-JFK,YYZ,JFK,Economy,2026-12-04,4,False,Winter,False,73,16,130,91,180,0.9,0.86,58,0.363
PA1374,YYZ-LAX,YYZ,LAX,Economy,2026-12-31,3,False,Winter,False,100,14,180,125,300,0.7,0.67,87,0.304
PA1375,YYZ-YHZ,YYZ,YHZ,Business,2027-02-26,4,False,Winter,False,157,20,140,14,150,0.5,0.47,9,0.357
PA1376,YYZ-JFK,YYZ,JFK,Economy,2026-11-05,3,False,Fall,False,44,10,130,91,180,0.9,0.81,75,0.176
PA1377,YYZ-YVR,YYZ,YVR,Economy,2026-10-27,1,False,Fall,False,35,10,150,105,200,1.0,1.0,96,0.086
PA1378,YYZ-JFK,YYZ,JFK,Economy,2027-03-08,0,False,Spring,False,167,10,130,91,180,0.9,0.83,88,0.033
PA1379,YYZ-YOW,YYZ,YOW,Economy,2027-08-23,0,False,Summer,False,335,6,120,84,90,0.9,0.85,80,0.048
PA1380,YYZ-JFK,YYZ,JFK,Economy,2026-11-01,6,True,Fall,False,40,20,130,91,180,0.9,0.86,56,0.385
PA1381,YYZ-PEK,YYZ,PEK,Economy,2027-01-28,3,False,Winter,False,128,12,260,182,900,0.4,0.41,158,0.132
PA1382,YYZ-PEK,YYZ,PEK,Economy,2026-11-06,4,False,Fall,False,45,14,260,182,900,0.4,0.41,128,0.297
PA1383,YYZ-YVR,YYZ,YVR,Economy,2026-12-10,3,False,Winter,False,79,18,150,105,200,1.0,0.9,64,0.39
PA1384,YYZ-CUN,YYZ,CUN,Premium,2026-10-21,2,False,Fall,False,29,14,200,40,320,1.0,1.0,12,0.7
PA1385,YYZ-CUN,YYZ,CUN,Economy,2026-11-09,0,False,Fall,False,48,8,200,140,320,1.0,1.0,105,0.25
PA1386,YYZ-YYC,YYZ,YYC,Economy,2026-10-27,1,False,Fall,False,35,16,150,105,220,0.6,0.61,93,0.114
PA1387,YYZ-YOW,YYZ,YOW,Premium,2026-11-04,2,False,Fall,False,43,22,120,24,90,0.9,0.89,20,0.167
PA1388,YYZ-JFK,YYZ,JFK,Economy,2026-09-30,2,False,Fall,False,8,6,130,91,180,0.9,0.92,63,0.308
PA1389,YYZ-YEG,YYZ,YEG,Premium,2026-12-07,0,False,Winter,False,76,22,160,32,250,0.3,0.31,25,0.219
PA1390,YYZ-JFK,YYZ,JFK,Economy,2026-12-02,2,False,Winter,False,71,14,130,91,180,0.9,0.93,59,0.352
PA1391,YYZ-FRA,YYZ,FRA,Business,2026-10-27,1,False,Fall,False,35,10,240,24,680,0.5,0.55,14,0.417
PA1392,YYZ-JFK,YYZ,JFK,Business,2026-11-04,2,False,Fall,False,43,16,130,13,180,0.9,0.95,8,0.385
PA1393,YYZ-PEK,YYZ,PEK,Economy,2027-03-30,1,False,Spring,False,189,8,260,182,900,0.4,0.37,138,0.242
PA1394,YYZ-LAX,YYZ,LAX,Economy,2027-05-10,0,False,Spring,False,230,16,180,125,300,0.7,0.64,124,0.008
PA1395,YYZ-YEG,YYZ,YEG,Economy,2026-11-01,6,True,Fall,False,40,10,160,112,250,0.3,0.29,87,0.223
PA1396,YYZ-NRT,YYZ,NRT,Economy,2027-08-26,3,False,Summer,False,338,10,260,182,950,0.8,0.74,144,0.209
PA1397,YYZ-JFK,YYZ,JFK,Economy,2026-10-18,6,True,Fall,False,26,16,130,91,180,0.9,0.85,50,0.451
PA1398,YYZ-LAX,YYZ,LAX,Economy,2027-09-11,5,True,Fall,False,354,20,180,125,300,0.7,0.68,98,0.216
PA1399,YYZ-FRA,YYZ,FRA,Economy,2026-11-05,3,False,Fall,False,44,18,240,168,680,0.5,0.52,114,0.321
PA1400,YYZ-CUN,YYZ,CUN,Economy,2026-10-22,3,False,Fall,False,30,16,200,140,320,1.0,0.95,101,0.279
PA1401,YYZ-YOW,YYZ,YOW,Premium,2026-12-24,3,False,Winter,False,93,18,120,24,90,0.9,0.82,19,0.208
PA1402,YYZ-LAX,YYZ,LAX,Business,2026-11-14,5,True,Fall,False,53,10,180,18,300,0.7,0.76,12,0.333
PA1403,YYZ-JFK,YYZ,JFK,Premium,2026-11-29,6,True,Fall,False,68,10,130,26,180,0.9,0.82,18,0.308
PA1404,YYZ-PEK,YYZ,PEK,Economy,2026-11-12,3,False,Fall,False,51,16,260,182,900,0.4,0.4,179,0.016
PA1405,YYZ-YOW,YYZ,YOW,Economy,2026-10-12,0,False,Fall,True,20,6,120,84,90,0.9,0.82,41,0.512
PA1406,YYZ-CUN,YYZ,CUN,Business,2027-02-16,1,False,Winter,False,147,18,200,20,320,1.0,1.0,19,0.05
PA1407,YYZ-NRT,YYZ,NRT,Economy,2027-04-07,2,False,Spring,False,197,6,260,182,950,0.8,0.85,126,0.308
PA1408,YYZ-NRT,YYZ,NRT,Economy,2026-12-17,3,False,Winter,False,86,6,260,182,950,0.8,0.78,136,0.253
PA1409,YYZ-NRT,YYZ,NRT,Economy,2026-11-16,0,False,Fall,False,55,12,260,182,950,0.8,0.84,119,0.346
PA1410,YYZ-NRT,YYZ,NRT,Premium,2026-12-03,3,False,Winter,False,72,22,260,52,950,0.8,0.72,33,0.365
PA1411,YYZ-PEK,YYZ,PEK,Economy,2026-12-07,0,False,Winter,False,76,12,260,182,900,0.4,0.38,119,0.346
PA1412,YYZ-YHZ,YYZ,YHZ,Economy,2027-07-07,2,False,Summer,False,288,20,140,98,150,0.5,0.45,89,0.092
PA1413,YYZ-YYC,YYZ,YYC,Business,2026-09-25,4,False,Fall,False,3,12,150,15,220,0.6,0.58,5,0.667
PA1414,YYZ-NRT,YYZ,NRT,Economy,2026-10-19,0,False,Fall,False,27,6,260,182,950,0.8,0.86,108,0.407
PA1415,YYZ-JFK,YYZ,JFK,Premium,2027-06-12,5,True,Summer,False,263,22,130,26,180,0.9,0.93,21,0.192
PA1416,YYZ-LAX,YYZ,LAX,Economy,2026-10-23,4,False,Fall,False,31,16,180,125,300,0.7,0.7,106,0.152
PA1417,YYZ-YVR,YYZ,YVR,Business,2026-11-29,6,True,Fall,False,68,20,150,15,200,1.0,1.0,10,0.333
PA1418,YYZ-YOW,YYZ,YOW,Economy,2026-11-14,5,True,Fall,False,53,22,120,84,90,0.9,0.83,79,0.06
PA1419,YYZ-YVR,YYZ,YVR,Premium,2026-12-02,2,False,Winter,False,71,16,150,30,200,1.0,1.0,19,0.367
PA1420,YYZ-JFK,YYZ,JFK,Economy,2026-11-27,4,False,Fall,False,66,22,130,91,180,0.9,0.98,72,0.209
PA1421,YYZ-FRA,YYZ,FRA,Premium,2027-01-09,5,True,Winter,False,109,10,240,48,680,0.5,0.46,37,0.229
PA1422,YYZ-CDG,YYZ,CDG,Business,2027-05-26,2,False,Spring,False,246,22,250,25,650,0.7,0.71,18,0.28
PA1423,YYZ-JFK,YYZ,JFK,Economy,2026-12-17,3,False,Winter,False,86,6,130,91,180,0.9,0.98,88,0.033
PA1424,YYZ-NRT,YYZ,NRT,Economy,2026-12-13,6,True,Winter,False,82,20,260,182,950,0.8,0.87,151,0.17
PA1425,YYZ-FRA,YYZ,FRA,Economy,2027-03-07,6,True,Spring,False,166,12,240,168,680,0.5,0.5,154,0.083
PA1426,YYZ-FRA,YYZ,FRA,Economy,2027-01-27,2,False,Winter,False,127,20,240,168,680,0.5,0.49,112,0.333
PA1427,YYZ-CDG,YYZ,CDG,Economy,2026-10-21,2,False,Fall,False,29,6,250,175,650,0.7,0.72,98,0.44
PA1428,YYZ-JFK,YYZ,JFK,Economy,2026-11-14,5,True,Fall,False,53,6,130,91,180,0.9,0.92,83,0.088
PA1429,YYZ-FRA,YYZ,FRA,Business,2026-10-31,5,True,Fall,False,39,6,240,24,680,0.5,0.47,17,0.292
PA1430,YYZ-YEG,YYZ,YEG,Premium,2026-12-08,1,False,Winter,False,77,12,160,32,250,0.3,0.28,26,0.188
PA1431,YYZ-FRA,YYZ,FRA,Economy,2026-10-09,4,False,Fall,False,17,10,240,168,680,0.5,0.5,112,0.333
PA1432,YYZ-YYC,YYZ,YYC,Economy,2026-11-05,3,False,Fall,False,44,6,150,105,220,0.6,0.6,67,0.362
PA1433,YYZ-YEG,YYZ,YEG,Economy,2027-03-18,3,False,Spring,False,177,6,160,112,250,0.3,0.31,69,0.384
PA1434,YYZ-FRA,YYZ,FRA,Economy,2026-11-20,4,False,Fall,False,59,22,240,168,680,0.5,0.49,116,0.31
PA1435,YYZ-YOW,YYZ,YOW,Economy,2026-12-16,2,False,Winter,False,85,10,120,84,90,0.9,0.94,54,0.357
PA1436,YYZ-JFK,YYZ,JFK,Economy,2026-11-16,0,False,Fall,False,55,22,130,91,180,0.9,0.95,79,0.132
PA1437,YYZ-JFK,YYZ,JFK,Premium,2026-12-02,2,False,Winter,False,71,10,130,26,180,0.9,0.84,22,0.154
PA1438,YYZ-YEG,YYZ,YEG,Premium,2026-12-15,1,False,Winter,False,84,18,160,32,250,0.3,0.28,27,0.156
PA1439,YYZ-YHZ,YYZ,YHZ,Economy,2027-02-18,3,False,Winter,False,149,20,140,98,150,0.5,0.53,88,0.102
PA1440,YYZ-YOW,YYZ,YOW,Economy,2026-11-26,3,False,Fall,False,65,14,120,84,90,0.9,0.98,54,0.357
PA1441,YYZ-YHZ,YYZ,YHZ,Premium,2026-12-04,4,False,Winter,False,73,22,140,28,150,0.5,0.53,23,0.179
PA1442,YYZ-NRT,YYZ,NRT,Economy,2026-09-30,2,False,Fall,False,8,6,260,182,950,0.8,0.76,94,0.484
PA1443,YYZ-YYC,YYZ,YYC,Economy,2026-10-03,5,True,Fall,False,11,20,150,105,220,0.6,0.66,54,0.486
PA1444,YYZ-JFK,YYZ,JFK,Business,2026-11-18,2,False,Fall,False,57,16,130,13,180,0.9,0.98,8,0.385
PA1445,YYZ-CUN,YYZ,CUN,Economy,2026-12-08,1,False,Winter,False,77,20,200,140,320,1.0,1.0,103,0.264
PA1446,YYZ-YYC,YYZ,YYC,Economy,2026-12-06,6,True,Winter,False,75,18,150,105,220,0.6,0.56,101,0.038
PA1447,YYZ-YYC,YYZ,YYC,Premium,2026-12-07,0,False,Winter,False,76,16,150,30,220,0.6,0.63,20,0.333
PA1448,YYZ-YVR,YYZ,YVR,Economy,2026-10-24,5,True,Fall,False,32,14,150,105,200,1.0,0.94,82,0.219
PA1449,YYZ-YEG,YYZ,YEG,Premium,2027-04-13,1,False,Spring,False,203,16,160,32,250,0.3,0.29,22,0.312
PA1450,YYZ-YYC,YYZ,YYC,Economy,2026-10-20,1,False,Fall,False,28,14,150,105,220,0.6,0.62,37,0.648
PA1451,YYZ-YVR,YYZ,YVR,Business,2026-11-09,0,False,Fall,False,48,16,150,15,200,1.0,1.0,11,0.267
PA1452,YYZ-YOW,YYZ,YOW,Business,2026-09-30,2,False,Fall,False,8,12,120,12,90,0.9,0.84,5,0.583
PA1453,YYZ-PEK,YYZ,PEK,Economy,2027-03-20,5,True,Spring,False,179,6,260,182,900,0.4,0.39,166,0.088
PA1454,YYZ-YHZ,YYZ,YHZ,Economy,2026-10-15,3,False,Fall,False,23,6,140,98,150,0.5,0.54,64,0.347
PA1455,YYZ-YOW,YYZ,YOW,Economy,2026-09-30,2,False,Fall,False,8,16,120,84,90,0.9,0.82,26,0.69
PA1456,YYZ-CDG,YYZ,CDG,Economy,2026-11-20,4,False,Fall,False,59,20,250,175,650,0.7,0.73,110,0.371
PA1457,YYZ-LAX,YYZ,LAX,Economy,2026-10-31,5,True,Fall,False,39,6,180,125,300,0.7,0.63,91,0.272
PA1458,YYZ-CDG,YYZ,CDG,Premium,2026-12-11,4,False,Winter,False,80,14,250,50,650,0.7,0.65,45,0.1
PA1459,YYZ-YEG,YYZ,YEG,Economy,2026-12-07,0,False,Winter,False,76,6,160,112,250,0.3,0.33,80,0.286
PA1460,YYZ-YOW,YYZ,YOW,Premium,2026-12-08,1,False,Winter,False,77,12,120,24,90,0.9,0.9,19,0.208
PA1461,YYZ-LAX,YYZ,LAX,Economy,2026-12-08,1,False,Winter,False,77,12,180,125,300,0.7,0.77,107,0.144
PA1462,YYZ-YHZ,YYZ,YHZ,Premium,2027-03-13,5,True,Spring,False,172,22,140,28,150,0.5,0.51,24,0.143
PA1463,YYZ-FRA,YYZ,FRA,Economy,2026-11-08,6,True,Fall,False,47,14,240,168,680,0.5,0.52,127,0.244
PA1464,YYZ-FRA,YYZ,FRA,Premium,2026-11-23,0,False,Fall,False,62,10,240,48,680,0.5,0.53,46,0.042
PA1465,YYZ-PEK,YYZ,PEK,Premium,2026-11-15,6,True,Fall,False,54,8,260,52,900,0.4,0.38,42,0.192
PA1466,YYZ-YEG,YYZ,YEG,Premium,2026-10-29,3,False,Fall,False,37,20,160,32,250,0.3,0.31,27,0.156
PA1467,YYZ-YHZ,YYZ,YHZ,Economy,2027-06-09,2,False,Summer,False,260,16,140,98,150,0.5,0.47,82,0.163
PA1468,YYZ-PEK,YYZ,PEK,Premium,2027-07-23,4,False,Summer,False,304,8,260,52,900,0.4,0.38,33,0.365
PA1469,YYZ-NRT,YYZ,NRT,Economy,2026-10-25,6,True,Fall,False,33,10,260,182,950,0.8,0.76,121,0.335
PA1470,YYZ-PEK,YYZ,PEK,Economy,2026-10-28,2,False,Fall,False,36,18,260,182,900,0.4,0.42,166,0.088
PA1471,YYZ-NRT,YYZ,NRT,Business,2026-11-16,0,False,Fall,False,55,20,260,26,950,0.8,0.74,25,0.038
PA1472,YYZ-LAX,YYZ,LAX,Economy,2027-07-31,5,True,Summer,False,312,22,180,125,300,0.7,0.76,116,0.072
PA1473,YYZ-YVR,YYZ,YVR,Business,2026-10-15,3,False,Fall,False,23,22,150,15,200,1.0,1.0,6,0.6
PA1474,YYZ-JFK,YYZ,JFK,Economy,2026-10-19,0,False,Fall,False,27,8,130,91,180,0.9,0.94,49,0.462
PA1475,YYZ-YEG,YYZ,YEG,Economy,2027-02-05,4,False,Winter,False,136,6,160,112,250,0.3,0.31,90,0.196
PA1476,YYZ-YEG,YYZ,YEG,Economy,2026-11-29,6,True,Fall,False,68,12,160,112,250,0.3,0.32,76,0.321
PA1477,YYZ-NRT,YYZ,NRT,Economy,2026-10-01,3,False,Fall,False,9,14,260,182,950,0.8,0.82,70,0.615
PA1478,YYZ-YHZ,YYZ,YHZ,Economy,2027-08-16,0,False,Summer,False,328,22,140,98,150,0.5,0.49,68,0.306
PA1479,YYZ-JFK,YYZ,JFK,Economy,2026-09-27,6,True,Fall,False,5,12,130,91,180,0.9,0.85,8,0.912
PA1480,YYZ-YOW,YYZ,YOW,Economy,2026-12-02,2,False,Winter,False,71,22,120,84,90,0.9,0.97,53,0.369
PA1481,YYZ-YVR,YYZ,YVR,Premium,2026-09-30,2,False,Fall,False,8,18,150,30,200,1.0,0.97,19,0.367
PA1482,YYZ-PEK,YYZ,PEK,Business,2026-10-13,1,False,Fall,False,21,20,260,26,900,0.4,0.37,16,0.385
PA1483,YYZ-CUN,YYZ,CUN,Economy,2026-11-11,2,False,Fall,False,50,14,200,140,320,1.0,1.0,113,0.193
PA1484,YYZ-YEG,YYZ,YEG,Economy,2027-07-07,2,False,Summer,False,288,16,160,112,250,0.3,0.33,100,0.107
PA1485,YYZ-YVR,YYZ,YVR,Economy,2027-02-05,4,False,Winter,False,136,10,150,105,200,1.0,1.0,79,0.248
PA1486,YYZ-YYC,YYZ,YYC,Economy,2027-03-10,2,False,Spring,False,169,8,150,105,220,0.6,0.64,77,0.267
PA1487,YYZ-LAX,YYZ,LAX,Economy,2027-05-29,5,True,Spring,False,249,14,180,125,300,0.7,0.7,94,0.248
PA1488,YYZ-LAX,YYZ,LAX,Economy,2026-11-30,0,False,Fall,False,69,20,180,125,300,0.7,0.66,83,0.336
PA1489,YYZ-LAX,YYZ,LAX,Economy,2027-07-02,4,False,Summer,False,283,8,180,125,300,0.7,0.63,83,0.336
PA1490,YYZ-YYC,YYZ,YYC,Economy,2026-10-26,0,False,Fall,False,34,12,150,105,220,0.6,0.63,68,0.352
PA1491,YYZ-YYC,YYZ,YYC,Economy,2026-09-30,2,False,Fall,False,8,20,150,105,220,0.6,0.62,39,0.629
PA1492,YYZ-CUN,YYZ,CUN,Economy,2027-04-16,4,False,Spring,False,206,16,200,140,320,1.0,1.0,86,0.386
PA1493,YYZ-PEK,YYZ,PEK,Premium,2026-12-06,6,True,Winter,False,75,6,260,52,900,0.4,0.44,35,0.327
PA1494,YYZ-CDG,YYZ,CDG,Economy,2026-10-19,0,False,Fall,False,27,20,250,175,650,0.7,0.77,66,0.623
PA1495,YYZ-JFK,YYZ,JFK,Economy,2026-10-25,6,True,Fall,False,33,20,130,91,180,0.9,0.9,55,0.396
PA1496,YYZ-YVR,YYZ,YVR,Economy,2026-12-16,2,False,Winter,False,85,10,150,105,200,1.0,1.0,73,0.305
PA1497,YYZ-FRA,YYZ,FRA,Economy,2027-01-19,1,False,Winter,False,119,12,240,168,680,0.5,0.55,123,0.268
PA1498,YYZ-YYC,YYZ,YYC,Premium,2026-12-17,3,False,Winter,False,86,16,150,30,220,0.6,0.6,27,0.1
PA1499,YYZ-FRA,YYZ,FRA,Economy,2027-05-03,0,False,Spring,False,223,18,240,168,680,0.5,0.51,141,0.161
PA1500,YYZ-YVR,YYZ,YVR,Economy,2026-11-17,1,False,Fall,False,56,12,150,105,200,1.0,1.0,75,0.286
PA1501,YYZ-YVR,YYZ,YVR,Premium,2026-10-03,5,True,Fall,False,11,22,150,30,200,1.0,0.9,18,0.4
PA1502,YYZ-LAX,YYZ,LAX,Premium,2027-01-13,2,False,Winter,False,113,12,180,36,300,0.7,0.74,29,0.194
PA1503,YYZ-LAX,YYZ,LAX,Economy,2026-10-22,3,False,Fall,False,30,20,180,125,300,0.7,0.64,116,0.072
PA1504,YYZ-CDG,YYZ,CDG,Economy,2027-02-06,5,True,Winter,False,137,12,250,175,650,0.7,0.76,170,0.029
PA1505,YYZ-JFK,YYZ,JFK,Premium,2026-12-21,0,False,Winter,False,90,22,130,26,180,0.9,0.88,24,0.077
PA1506,YYZ-YEG,YYZ,YEG,Economy,2026-11-26,3,False,Fall,False,65,16,160,112,250,0.3,0.3,87,0.223
PA1507,YYZ-CUN,YYZ,CUN,Economy,2026-10-06,1,False,Fall,False,14,18,200,140,320,1.0,1.0,93,0.336
PA1508,YYZ-YEG,YYZ,YEG,Economy,2027-06-15,1,False,Summer,False,266,10,160,112,250,0.3,0.3,91,0.188
PA1509,YYZ-YVR,YYZ,YVR,Business,2026-10-01,3,False,Fall,False,9,8,150,15,200,1.0,0.94,9,0.4
PA1510,YYZ-YHZ,YYZ,YHZ,Economy,2027-05-13,3,False,Spring,False,233,12,140,98,150,0.5,0.5,88,0.102
PA1511,YYZ-CDG,YYZ,CDG,Economy,2026-12-17,3,False,Winter,False,86,20,250,175,650,0.7,0.69,159,0.091
PA1512,YYZ-YOW,YYZ,YOW,Economy,2027-08-10,1,False,Summer,False,322,10,120,84,90,0.9,0.93,65,0.226
PA1513,YYZ-JFK,YYZ,JFK,Economy,2027-06-21,0,False,Summer,False,272,8,130,91,180,0.9,0.83,71,0.22
PA1514,YYZ-PEK,YYZ,PEK,Economy,2026-11-29,6,True,Fall,False,68,12,260,182,900,0.4,0.38,153,0.159
PA1515,YYZ-FRA,YYZ,FRA,Economy,2026-11-21,5,True,Fall,False,60,16,240,168,680,0.5,0.52,107,0.363
PA1516,YYZ-NRT,YYZ,NRT,Premium,2026-10-25,6,True,Fall,False,33,6,260,52,950,0.8,0.86,43,0.173
PA1517,YYZ-YVR,YYZ,YVR,Economy,2027-07-10,5,True,Summer,False,291,8,150,105,200,1.0,0.95,65,0.381
PA1518,YYZ-YVR,YYZ,YVR,Economy,2026-10-02,4,False,Fall,False,10,12,150,105,200,1.0,0.9,31,0.705
PA1519,YYZ-LAX,YYZ,LAX,Premium,2027-05-07,4,False,Spring,False,227,12,180,36,300,0.7,0.74,33,0.083
PA1520,YYZ-YEG,YYZ,YEG,Economy,2026-11-08,6,True,Fall,False,47,18,160,112,250,0.3,0.31,72,0.357
PA1521,YYZ-JFK,YYZ,JFK,Economy,2026-10-28,2,False,Fall,False,36,20,130,91,180,0.9,0.85,66,0.275
PA1522,YYZ-PEK,YYZ,PEK,Economy,2026-11-02,0,False,Fall,False,41,16,260,182,900,0.4,0.38,161,0.115
PA1523,YYZ-LAX,YYZ,LAX,Economy,2026-11-17,1,False,Fall,False,56,18,180,125,300,0.7,0.68,109,0.128
PA1524,YYZ-YHZ,YYZ,YHZ,Premium,2026-12-09,2,False,Winter,False,78,14,140,28,150,0.5,0.45,24,0.143
PA1525,YYZ-YEG,YYZ,YEG,Business,2027-03-27,5,True,Spring,False,186,8,160,16,250,0.3,0.29,12,0.25
PA1526,YYZ-CUN,YYZ,CUN,Economy,2027-01-20,2,False,Winter,False,120,10,200,140,320,1.0,0.96,133,0.05
PA1527,YYZ-YOW,YYZ,YOW,Economy,2027-06-27,6,True,Summer,False,278,18,120,84,90,0.9,0.99,57,0.321
PA1528,YYZ-LAX,YYZ,LAX,Economy,2026-10-05,0,False,Fall,False,13,18,180,125,300,0.7,0.67,79,0.368
PA1529,YYZ-LAX,YYZ,LAX,Premium,2027-06-14,0,False,Summer,False,265,8,180,36,300,0.7,0.73,26,0.278
PA1530,YYZ-NRT,YYZ,NRT,Business,2026-10-01,3,False,Fall,False,9,6,260,26,950,0.8,0.81,13,0.5
PA1531,YYZ-YEG,YYZ,YEG,Economy,2026-11-03,1,False,Fall,False,42,16,160,112,250,0.3,0.3,75,0.33
PA1532,YYZ-NRT,YYZ,NRT,Economy,2026-11-28,5,True,Fall,False,67,20,260,182,950,0.8,0.74,127,0.302
PA1533,YYZ-NRT,YYZ,NRT,Economy,2026-10-26,0,False,Fall,False,34,16,260,182,950,0.8,0.8,167,0.082
PA1534,YYZ-PEK,YYZ,PEK,Business,2026-11-03,1,False,Fall,False,42,16,260,26,900,0.4,0.41,23,0.115
PA1535,YYZ-YVR,YYZ,YVR,Economy,2026-12-04,4,False,Winter,False,73,22,150,105,200,1.0,1.0,64,0.39
PA1536,YYZ-YEG,YYZ,YEG,Premium,2027-01-11,0,False,Winter,False,111,12,160,32,250,0.3,0.31,21,0.344
PA1537,YYZ-JFK,YYZ,JFK,Economy,2026-10-11,6,True,Fall,False,19,18,130,91,180,0.9,0.96,41,0.549
PA1538,YYZ-CDG,YYZ,CDG,Premium,2027-02-09,1,False,Winter,False,140,10,250,50,650,0.7,0.65,42,0.16
PA1539,YYZ-FRA,YYZ,FRA,Economy,2026-12-10,3,False,Winter,False,79,16,240,168,680,0.5,0.46,164,0.024
PA1540,YYZ-CUN,YYZ,CUN,Economy,2026-11-30,0,False,Fall,False,69,12,200,140,320,1.0,1.0,138,0.014
PA1541,YYZ-YVR,YYZ,YVR,Economy,2027-03-14,6,True,Spring,False,173,8,150,105,200,1.0,0.98,95,0.095
PA1542,YYZ-YYC,YYZ,YYC,Economy,2026-12-24,3,False,Winter,False,93,12,150,105,220,0.6,0.59,64,0.39
PA1543,YYZ-LAX,YYZ,LAX,Economy,2026-09-24,3,False,Fall,False,2,22,180,125,300,0.7,0.65,30,0.76
PA1544,YYZ-YHZ,YYZ,YHZ,Economy,2026-10-17,5,True,Fall,False,25,16,140,98,150,0.5,0.49,58,0.408
PA1545,YYZ-YHZ,YYZ,YHZ,Economy,2027-02-04,3,False,Winter,False,135,6,140,98,150,0.5,0.52,93,0.051
PA1546,YYZ-YHZ,YYZ,YHZ,Economy,2026-12-15,1,False,Winter,False,84,12,140,98,150,0.5,0.51,69,0.296
PA1547,YYZ-YOW,YYZ,YOW,Economy,2027-01-25,0,False,Winter,False,125,20,120,84,90,0.9,0.9,54,0.357
PA1548,YYZ-PEK,YYZ,PEK,Economy,2026-10-23,4,False,Fall,False,31,22,260,182,900,0.4,0.44,158,0.132
PA1549,YYZ-YYC,YYZ,YYC,Economy,2026-11-07,5,True,Fall,False,46,8,150,105,220,0.6,0.63,81,0.229
PA1550,YYZ-FRA,YYZ,FRA,Economy,2026-12-20,6,True,Winter,False,89,10,240,168,680,0.5,0.5,124,0.262
PA1551,YYZ-YYC,YYZ,YYC,Economy,2027-03-30,1,False,Spring,False,189,22,150,105,220,0.6,0.61,77,0.267
PA1552,YYZ-CDG,YYZ,CDG,Economy,2026-11-27,4,False,Fall,False,66,10,250,175,650,0.7,0.7,140,0.2
PA1553,YYZ-YHZ,YYZ,YHZ,Economy,2026-09-23,2,False,Fall,False,1,8,140,98,150,0.5,0.49,12,0.878
PA1554,YYZ-NRT,YYZ,NRT,Economy,2026-11-20,4,False,Fall,False,59,20,260,182,950,0.8,0.77,125,0.313
PA1555,YYZ-YVR,YYZ,YVR,Economy,2026-11-17,1,False,Fall,False,56,12,150,105,200,1.0,0.97,69,0.343
PA1556,YYZ-PEK,YYZ,PEK,Premium,2027-08-09,0,False,Summer,False,321,8,260,52,900,0.4,0.42,51,0.019
PA1557,YYZ-YHZ,YYZ,YHZ,Economy,2026-11-18,2,False,Fall,False,57,14,140,98,150,0.5,0.51,90,0.082
PA1558,YYZ-CUN,YYZ,CUN,Economy,2027-02-09,1,False,Winter,False,140,14,200,140,320,1.0,1.0,94,0.329
PA1559,YYZ-YEG,YYZ,YEG,Premium,2027-05-08,5,True,Spring,False,228,10,160,32,250,0.3,0.33,23,0.281
PA1560,YYZ-YEG,YYZ,YEG,Premium,2026-10-15,3,False,Fall,False,23,16,160,32,250,0.3,0.28,17,0.469
PA1561,YYZ-CUN,YYZ,CUN,Business,2027-02-23,1,False,Winter,False,154,18,200,20,320,1.0,0.96,18,0.1
PA1562,YYZ-NRT,YYZ,NRT,Economy,2026-10-24,5,True,Fall,False,32,10,260,182,950,0.8,0.77,115,0.368
PA1563,YYZ-YYC,YYZ,YYC,Premium,2026-12-08,1,False,Winter,False,77,6,150,30,220,0.6,0.62,26,0.133
PA1564,YYZ-NRT,YYZ,NRT,Economy,2026-10-19,0,False,Fall,False,27,16,260,182,950,0.8,0.75,76,0.582
PA1565,YYZ-CDG,YYZ,CDG,Economy,2027-08-06,4,False,Summer,False,318,18,250,175,650,0.7,0.76,163,0.069
PA1566,YYZ-PEK,YYZ,PEK,Economy,2027-01-10,6,True,Winter,False,110,8,260,182,900,0.4,0.43,178,0.022
PA1567,YYZ-CDG,YYZ,CDG,Economy,2026-12-02,2,False,Winter,False,71,12,250,175,650,0.7,0.64,165,0.057
PA1568,YYZ-LAX,YYZ,LAX,Economy,2026-10-29,3,False,Fall,False,37,6,180,125,300,0.7,0.7,77,0.384
PA1569,YYZ-YYC,YYZ,YYC,Economy,2026-10-02,4,False,Fall,False,10,18,150,105,220,0.6,0.6,37,0.648
PA1570,YYZ-LAX,YYZ,LAX,Economy,2026-10-19,0,False,Fall,False,27,22,180,125,300,0.7,0.7,66,0.472
PA1571,YYZ-YOW,YYZ,YOW,Economy,2027-07-10,5,True,Summer,False,291,8,120,84,90,0.9,0.86,61,0.274
PA1572,YYZ-YHZ,YYZ,YHZ,Economy,2027-02-25,3,False,Winter,False,156,6,140,98,150,0.5,0.5,97,0.01
PA1573,YYZ-YHZ,YYZ,YHZ,Premium,2026-11-11,2,False,Fall,False,50,16,140,28,150,0.5,0.51,26,0.071
PA1574,YYZ-YHZ,YYZ,YHZ,Business,2026-10-20,1,False,Fall,False,28,16,140,14,150,0.5,0.46,5,0.643
PA1575,YYZ-PEK,YYZ,PEK,Economy,2027-07-22,3,False,Summer,False,303,16,260,182,900,0.4,0.41,118,0.352
PA1576,YYZ-YOW,YYZ,YOW,Business,2026-12-13,6,True,Winter,False,82,6,120,12,90,0.9,0.97,8,0.333
PA1577,YYZ-CUN,YYZ,CUN,Premium,2026-11-03,1,False,Fall,False,42,14,200,40,320,1.0,0.97,24,0.4
PA1578,YYZ-CDG,YYZ,CDG,Economy,2026-10-02,4,False,Fall,False,10,22,250,175,650,0.7,0.65,120,0.314
PA1579,YYZ-YOW,YYZ,YOW,Economy,2027-02-09,1,False,Winter,False,140,14,120,84,90,0.9,0.96,61,0.274
PA1580,YYZ-YHZ,YYZ,YHZ,Premium,2027-06-28,0,False,Summer,False,279,10,140,28,150,0.5,0.49,23,0.179
PA1581,YYZ-CUN,YYZ,CUN,Economy,2026-10-03,5,True,Fall,False,11,12,200,140,320,1.0,1.0,44,0.686
PA1582,YYZ-PEK,YYZ,PEK,Economy,2026-09-27,6,True,Fall,False,5,22,260,182,900,0.4,0.38,40,0.78
PA1583,YYZ-YOW,YYZ,YOW,Economy,2026-10-04,6,True,Fall,False,12,10,120,84,90,0.9,0.84,58,0.31
PA1584,YYZ-LAX,YYZ,LAX,Economy,2026-11-12,3,False,Fall,False,51,16,180,125,300,0.7,0.75,98,0.216
PA1585,YYZ-JFK,YYZ,JFK,Economy,2026-12-18,4,False,Winter,False,87,20,130,91,180,0.9,0.85,55,0.396
PA1586,YYZ-NRT,YYZ,NRT,Premium,2026-11-14,5,True,Fall,False,53,14,260,52,950,0.8,0.74,32,0.385
PA1587,YYZ-YYC,YYZ,YYC,Premium,2026-11-17,1,False,Fall,False,56,18,150,30,220,0.6,0.54,28,0.067
PA1588,YYZ-PEK,YYZ,PEK,Economy,2026-12-26,5,True,Winter,False,95,12,260,182,900,0.4,0.36,167,0.082
PA1589,YYZ-JFK,YYZ,JFK,Business,2026-10-20,1,False,Fall,False,28,14,130,13,180,0.9,0.95,7,0.462
PA1590,YYZ-PEK,YYZ,PEK,Premium,2026-10-27,1,False,Fall,False,35,8,260,52,900,0.4,0.42,38,0.269
PA1591,YYZ-YEG,YYZ,YEG,Premium,2026-11-22,6,True,Fall,False,61,16,160,32,250,0.3,0.33,27,0.156
PA1592,YYZ-YYC,YYZ,YYC,Economy,2026-12-02,2,False,Winter,False,71,20,150,105,220,0.6,0.59,69,0.343
PA1593,YYZ-YHZ,YYZ,YHZ,Economy,2026-10-27,1,False,Fall,False,35,8,140,98,150,0.5,0.52,90,0.082
PA1594,YYZ-JFK,YYZ,JFK,Economy,2027-06-29,1,False,Summer,False,280,8,130,91,180,0.9,0.88,65,0.286
PA1595,YYZ-CUN,YYZ,CUN,Economy,2026-10-11,6,True,Fall,False,19,12,200,140,320,1.0,1.0,78,0.443
PA1596,YYZ-PEK,YYZ,PEK,Premium,2026-10-14,2,False,Fall,False,22,14,260,52,900,0.4,0.4,31,0.404
PA1597,YYZ-YHZ,YYZ,YHZ,Economy,2026-09-27,6,True,Fall,False,5,6,140,98,150,0.5,0.49,22,0.776
PA1598,YYZ-YEG,YYZ,YEG,Premium,2026-10-05,0,False,Fall,False,13,16,160,32,250,0.3,0.29,14,0.562
PA1599,YYZ-YVR,YYZ,YVR,Economy,2026-11-24,1,False,Fall,False,63,20,150,105,200,1.0,0.97,75,0.286
PA1600,YYZ-YEG,YYZ,YEG,Business,2026-10-03,5,True,Fall,False,11,22,160,16,250,0.3,0.31,9,0.438
PA1601,YYZ-YEG,YYZ,YEG,Economy,2026-10-24,5,True,Fall,False,32,18,160,112,250,0.3,0.29,86,0.232
PA1602,YYZ-JFK,YYZ,JFK,Economy,2026-10-20,1,False,Fall,False,28,16,130,91,180,0.9,0.91,40,0.56
PA1603,YYZ-PEK,YYZ,PEK,Business,2027-08-14,5,True,Summer,False,326,10,260,26,900,0.4,0.44,19,0.269
PA1604,YYZ-YOW,YYZ,YOW,Business,2026-12-18,4,False,Winter,False,87,22,120,12,90,0.9,0.83,9,0.25
PA1605,YYZ-FRA,YYZ,FRA,Business,2026-12-16,2,False,Winter,False,85,22,240,24,680,0.5,0.54,18,0.25
PA1606,YYZ-YYC,YYZ,YYC,Economy,2026-10-26,0,False,Fall,False,34,22,150,105,220,0.6,0.58,80,0.238
PA1607,YYZ-LAX,YYZ,LAX,Economy,2027-05-02,6,True,Spring,False,222,18,180,125,300,0.7,0.68,86,0.312
PA1608,YYZ-YVR,YYZ,YVR,Economy,2027-07-23,4,False,Summer,False,304,10,150,105,200,1.0,1.0,73,0.305
PA1609,YYZ-CDG,YYZ,CDG,Economy,2026-11-06,4,False,Fall,False,45,22,250,175,650,0.7,0.76,137,0.217
PA1610,YYZ-YEG,YYZ,YEG,Premium,2026-11-21,5,True,Fall,False,60,10,160,32,250,0.3,0.27,28,0.125
PA1611,YYZ-YYC,YYZ,YYC,Economy,2026-11-10,1,False,Fall,False,49,14,150,105,220,0.6,0.58,95,0.095
PA1612,YYZ-CDG,YYZ,CDG,Premium,2026-11-04,2,False,Fall,False,43,14,250,50,650,0.7,0.66,49,0.02
PA1613,YYZ-YHZ,YYZ,YHZ,Premium,2026-12-05,5,True,Winter,False,74,8,140,28,150,0.5,0.47,23,0.179
PA1614,YYZ-YHZ,YYZ,YHZ,Economy,2026-09-25,4,False,Fall,False,3,10,140,98,150,0.5,0.48,16,0.837
PA1615,YYZ-YEG,YYZ,YEG,Premium,2026-12-01,1,False,Winter,False,70,14,160,32,250,0.3,0.28,23,0.281
PA1616,YYZ-YVR,YYZ,YVR,Economy,2026-10-18,6,True,Fall,False,26,22,150,105,200,1.0,1.0,70,0.333
PA1617,YYZ-CUN,YYZ,CUN,Premium,2026-12-10,3,False,Winter,False,79,12,200,40,320,1.0,1.0,30,0.25
PA1618,YYZ-FRA,YYZ,FRA,Economy,2026-09-27,6,True,Fall,False,5,10,240,168,680,0.5,0.52,25,0.851
PA1619,YYZ-PEK,YYZ,PEK,Premium,2027-01-02,5,True,Winter,False,102,6,260,52,900,0.4,0.38,47,0.096
PA1620,YYZ-CDG,YYZ,CDG,Business,2026-12-06,6,True,Winter,False,75,16,250,25,650,0.7,0.73,17,0.32
PA1621,YYZ-FRA,YYZ,FRA,Economy,2026-11-06,4,False,Fall,False,45,14,240,168,680,0.5,0.55,167,0.006
PA1622,YYZ-CUN,YYZ,CUN,Economy,2026-09-25,4,False,Fall,False,3,20,200,140,320,1.0,1.0,47,0.664
PA1623,YYZ-PEK,YYZ,PEK,Economy,2026-11-14,5,True,Fall,False,53,10,260,182,900,0.4,0.37,181,0.005
PA1624,YYZ-YOW,YYZ,YOW,Premium,2026-12-13,6,True,Winter,False,82,22,120,24,90,0.9,0.87,21,0.125
PA1625,YYZ-FRA,YYZ,FRA,Economy,2026-12-10,3,False,Winter,False,79,16,240,168,680,0.5,0.54,132,0.214
PA1626,YYZ-JFK,YYZ,JFK,Economy,2026-12-07,0,False,Winter,False,76,16,130,91,180,0.9,0.88,82,0.099
PA1627,YYZ-FRA,YYZ,FRA,Premium,2027-05-31,0,False,Spring,False,251,18,240,48,680,0.5,0.5,46,0.042
PA1628,YYZ-JFK,YYZ,JFK,Economy,2027-02-28,6,True,Winter,False,159,8,130,91,180,0.9,0.96,64,0.297
PA1629,YYZ-YOW,YYZ,YOW,Economy,2026-10-03,5,True,Fall,False,11,18,120,84,90,0.9,0.91,34,0.595
PA1630,YYZ-FRA,YYZ,FRA,Economy,2026-12-20,6,True,Winter,False,89,8,240,168,680,0.5,0.5,141,0.161
PA1631,YYZ-CUN,YYZ,CUN,Economy,2026-10-12,0,False,Fall,True,20,8,200,140,320,1.0,0.95,92,0.343
PA1632,YYZ-CUN,YYZ,CUN,Premium,2026-09-26,5,True,Fall,False,4,12,200,40,320,1.0,0.99,12,0.7
PA1633,YYZ-YOW,YYZ,YOW,Economy,2026-11-12,3,False,Fall,False,51,20,120,84,90,0.9,0.94,68,0.19
PA1634,YYZ-CUN,YYZ,CUN,Economy,2027-08-22,6,True,Summer,False,334,22,200,140,320,1.0,0.95,139,0.007
PA1635,YYZ-PEK,YYZ,PEK,Economy,2026-10-02,4,False,Fall,False,10,22,260,182,900,0.4,0.36,126,0.308
PA1636,YYZ-YHZ,YYZ,YHZ,Economy,2027-02-09,1,False,Winter,False,140,18,140,98,150,0.5,0.52,62,0.367
PA1637,YYZ-YYC,YYZ,YYC,Business,2026-10-20,1,False,Fall,False,28,20,150,15,220,0.6,0.56,7,0.533
PA1638,YYZ-PEK,YYZ,PEK,Economy,2027-05-28,4,False,Spring,False,248,6,260,182,900,0.4,0.38,173,0.049
PA1639,YYZ-PEK,YYZ,PEK,Economy,2026-12-12,5,True,Winter,False,81,16,260,182,900,0.4,0.36,132,0.275
PA1640,YYZ-LAX,YYZ,LAX,Business,2026-11-30,0,False,Fall,False,69,12,180,18,300,0.7,0.76,16,0.111
PA1641,YYZ-YYC,YYZ,YYC,Economy,2026-10-20,1,False,Fall,False,28,20,150,105,220,0.6,0.6,61,0.419
PA1642,YYZ-PEK,YYZ,PEK,Premium,2027-02-25,3,False,Winter,False,156,18,260,52,900,0.4,0.4,49,0.058
PA1643,YYZ-JFK,YYZ,JFK,Economy,2026-10-11,6,True,Fall,False,19,14,130,91,180,0.9,0.82,53,0.418
PA1644,YYZ-NRT,YYZ,NRT,Economy,2027-04-18,6,True,Spring,False,208,14,260,182,950,0.8,0.84,135,0.258
PA1645,YYZ-NRT,YYZ,NRT,Economy,2026-10-17,5,True,Fall,False,25,16,260,182,950,0.8,0.79,121,0.335
PA1646,YYZ-YHZ,YYZ,YHZ,Economy,2026-10-24,5,True,Fall,False,32,20,140,98,150,0.5,0.51,84,0.143
PA1647,YYZ-CDG,YYZ,CDG,Premium,2026-10-25,6,True,Fall,False,33,14,250,50,650,0.7,0.64,34,0.32
PA1648,YYZ-CDG,YYZ,CDG,Business,2027-07-27,1,False,Summer,False,308,16,250,25,650,0.7,0.65,20,0.2
PA1649,YYZ-CUN,YYZ,CUN,Economy,2026-11-09,0,False,Fall,False,48,10,200,140,320,1.0,1.0,115,0.179
PA1650,YYZ-YOW,YYZ,YOW,Economy,2027-09-11,5,True,Fall,False,354,12,120,84,90,0.9,0.84,66,0.214
PA1651,YYZ-FRA,YYZ,FRA,Premium,2027-09-05,6,True,Fall,False,348,8,240,48,680,0.5,0.51,31,0.354
PA1652,YYZ-NRT,YYZ,NRT,Premium,2026-10-31,5,True,Fall,False,39,12,260,52,950,0.8,0.87,35,0.327
PA1653,YYZ-CUN,YYZ,CUN,Business,2026-11-22,6,True,Fall,False,61,12,200,20,320,1.0,1.0,12,0.4
PA1654,YYZ-NRT,YYZ,NRT,Economy,2026-11-23,0,False,Fall,False,62,16,260,182,950,0.8,0.72,123,0.324
PA1655,YYZ-CDG,YYZ,CDG,Economy,2026-10-06,1,False,Fall,False,14,18,250,175,650,0.7,0.73,106,0.394
PA1656,YYZ-PEK,YYZ,PEK,Economy,2026-12-25,4,False,Winter,True,94,8,260,182,900,0.4,0.41,137,0.247
PA1657,YYZ-CDG,YYZ,CDG,Economy,2027-04-15,3,False,Spring,False,205,6,250,175,650,0.7,0.66,132,0.246
PA1658,YYZ-FRA,YYZ,FRA,Premium,2026-11-13,4,False,Fall,False,52,12,240,48,680,0.5,0.48,42,0.125
PA1659,YYZ-YVR,YYZ,YVR,Economy,2027-06-18,4,False,Summer,False,269,8,150,105,200,1.0,1.0,87,0.171
PA1660,YYZ-PEK,YYZ,PEK,Economy,2026-10-23,4,False,Fall,False,31,8,260,182,900,0.4,0.43,165,0.093
PA1661,YYZ-YHZ,YYZ,YHZ,Economy,2026-12-03,3,False,Winter,False,72,10,140,98,150,0.5,0.51,92,0.061
PA1662,YYZ-YOW,YYZ,YOW,Economy,2026-11-21,5,True,Fall,False,60,18,120,84,90,0.9,0.87,54,0.357
PA1663,YYZ-FRA,YYZ,FRA,Economy,2026-09-25,4,False,Fall,False,3,16,240,168,680,0.5,0.53,26,0.845
PA1664,YYZ-CDG,YYZ,CDG,Business,2026-11-06,4,False,Fall,False,45,10,250,25,650,0.7,0.68,19,0.24
PA1665,YYZ-YYC,YYZ,YYC,Economy,2027-07-10,5,True,Summer,False,291,16,150,105,220,0.6,0.63,88,0.162
PA1666,YYZ-NRT,YYZ,NRT,Premium,2026-09-28,0,False,Fall,False,6,10,260,52,950,0.8,0.79,16,0.692
PA1667,YYZ-JFK,YYZ,JFK,Economy,2026-10-10,5,True,Fall,False,18,14,130,91,180,0.9,0.96,28,0.692
PA1668,YYZ-YOW,YYZ,YOW,Economy,2026-12-14,0,False,Winter,False,83,16,120,84,90,0.9,0.91,82,0.024
PA1669,YYZ-YEG,YYZ,YEG,Economy,2026-12-08,1,False,Winter,False,77,16,160,112,250,0.3,0.32,99,0.116
PA1670,YYZ-PEK,YYZ,PEK,Economy,2027-09-15,2,False,Fall,False,358,16,260,182,900,0.4,0.39,114,0.374
PA1671,YYZ-JFK,YYZ,JFK,Business,2026-12-21,0,False,Winter,False,90,14,130,13,180,0.9,0.83,9,0.308
PA1672,YYZ-YEG,YYZ,YEG,Premium,2026-12-29,1,False,Winter,False,98,14,160,32,250,0.3,0.31,21,0.344
PA1673,YYZ-LAX,YYZ,LAX,Premium,2026-11-05,3,False,Fall,False,44,8,180,36,300,0.7,0.64,27,0.25
PA1674,YYZ-NRT,YYZ,NRT,Economy,2026-10-01,3,False,Fall,False,9,6,260,182,950,0.8,0.76,108,0.407
PA1675,YYZ-YVR,YYZ,YVR,Economy,2027-08-26,3,False,Summer,False,338,8,150,105,200,1.0,0.96,104,0.01
PA1676,YYZ-YOW,YYZ,YOW,Economy,2026-11-29,6,True,Fall,False,68,14,120,84,90,0.9,0.83,75,0.107
PA1677,YYZ-PEK,YYZ,PEK,Economy,2026-12-17,3,False,Winter,False,86,14,260,182,900,0.4,0.38,123,0.324
PA1678,YYZ-YVR,YYZ,YVR,Economy,2026-09-30,2,False,Fall,False,8,18,150,105,200,1.0,0.93,64,0.39
PA1679,YYZ-CDG,YYZ,CDG,Economy,2026-10-07,2,False,Fall,False,15,20,250,175,650,0.7,0.74,92,0.474
PA1680,YYZ-PEK,YYZ,PEK,Economy,2027-02-11,3,False,Winter,False,142,8,260,182,900,0.4,0.44,148,0.187
PA1681,YYZ-CDG,YYZ,CDG,Economy,2027-05-03,0,False,Spring,False,223,6,250,175,650,0.7,0.73,173,0.011
PA1682,YYZ-NRT,YYZ,NRT,Premium,2027-05-14,4,False,Spring,False,234,14,260,52,950,0.8,0.78,39,0.25
PA1683,YYZ-FRA,YYZ,FRA,Business,2027-05-19,2,False,Spring,False,239,14,240,24,680,0.5,0.48,17,0.292
PA1684,YYZ-YOW,YYZ,YOW,Economy,2026-10-30,4,False,Fall,False,38,16,120,84,90,0.9,0.84,63,0.25
PA1685,YYZ-YHZ,YYZ,YHZ,Economy,2026-10-16,4,False,Fall,False,24,18,140,98,150,0.5,0.54,37,0.622
PA1686,YYZ-PEK,YYZ,PEK,Business,2026-09-23,2,False,Fall,False,1,22,260,26,900,0.4,0.44,7,0.731
PA1687,YYZ-PEK,YYZ,PEK,Economy,2027-05-14,4,False,Spring,False,234,14,260,182,900,0.4,0.4,134,0.264
PA1688,YYZ-CUN,YYZ,CUN,Premium,2027-02-04,3,False,Winter,False,135,18,200,40,320,1.0,1.0,26,0.35
PA1689,YYZ-YHZ,YYZ,YHZ,Economy,2026-10-21,2,False,Fall,False,29,12,140,98,150,0.5,0.47,42,0.571
PA1690,YYZ-NRT,YYZ,NRT,Economy,2026-11-13,4,False,Fall,False,52,6,260,182,950,0.8,0.88,138,0.242
PA1691,YYZ-NRT,YYZ,NRT,Economy,2026-12-04,4,False,Winter,False,73,12,260,182,950,0.8,0.85,144,0.209
PA1692,YYZ-FRA,YYZ,FRA,Economy,2026-10-31,5,True,Fall,False,39,8,240,168,680,0.5,0.54,147,0.125
PA1693,YYZ-FRA,YYZ,FRA,Economy,2026-10-13,1,False,Fall,False,21,20,240,168,680,0.5,0.5,69,0.589
PA1694,YYZ-YVR,YYZ,YVR,Economy,2027-01-18,0,False,Winter,False,118,22,150,105,200,1.0,1.0,82,0.219
PA1695,YYZ-PEK,YYZ,PEK,Economy,2026-10-01,3,False,Fall,False,9,6,260,182,900,0.4,0.36,76,0.582
PA1696,YYZ-YOW,YYZ,YOW,Economy,2026-11-19,3,False,Fall,False,58,16,120,84,90,0.9,0.85,59,0.298
PA1697,YYZ-YEG,YYZ,YEG,Economy,2026-10-07,2,False,Fall,False,15,22,160,112,250,0.3,0.31,49,0.562
PA1698,YYZ-PEK,YYZ,PEK,Economy,2026-12-17,3,False,Winter,False,86,18,260,182,900,0.4,0.44,149,0.181
PA1699,YYZ-FRA,YYZ,FRA,Economy,2026-10-25,6,True,Fall,False,33,20,240,168,680,0.5,0.48,164,0.024
PA1700,YYZ-CUN,YYZ,CUN,Economy,2026-11-07,5,True,Fall,False,46,20,200,140,320,1.0,0.99,109,0.221
PA1701,YYZ-YOW,YYZ,YOW,Economy,2026-10-14,2,False,Fall,False,22,10,120,84,90,0.9,0.98,30,0.643
PA1702,YYZ-YYC,YYZ,YYC,Economy,2027-03-11,3,False,Spring,False,170,14,150,105,220,0.6,0.61,71,0.324
PA1703,YYZ-NRT,YYZ,NRT,Business,2026-10-20,1,False,Fall,False,28,22,260,26,950,0.8,0.87,15,0.423
PA1704,YYZ-YVR,YYZ,YVR,Economy,2026-12-28,0,False,Winter,False,97,6,150,105,200,1.0,1.0,78,0.257
PA1705,YYZ-NRT,YYZ,NRT,Economy,2027-04-17,5,True,Spring,False,207,18,260,182,950,0.8,0.84,133,0.269
PA1706,YYZ-CUN,YYZ,CUN,Economy,2026-11-05,3,False,Fall,False,44,14,200,140,320,1.0,0.94,108,0.229
PA1707,YYZ-YYC,YYZ,YYC,Economy,2027-02-02,1,False,Winter,False,133,16,150,105,220,0.6,0.59,86,0.181
PA1708,YYZ-JFK,YYZ,JFK,Premium,2026-12-04,4,False,Winter,False,73,20,130,26,180,0.9,0.83,22,0.154
PA1709,YYZ-FRA,YYZ,FRA,Economy,2027-03-20,5,True,Spring,False,179,8,240,168,680,0.5,0.49,114,0.321
PA1710,YYZ-CDG,YYZ,CDG,Economy,2026-10-31,5,True,Fall,False,39,12,250,175,650,0.7,0.69,151,0.137
PA1711,YYZ-YVR,YYZ,YVR,Economy,2026-10-24,5,True,Fall,False,32,18,150,105,200,1.0,1.0,65,0.381
PA1712,YYZ-YEG,YYZ,YEG,Economy,2026-09-23,2,False,Fall,False,1,6,160,112,250,0.3,0.27,22,0.804
PA1713,YYZ-YHZ,YYZ,YHZ,Economy,2026-11-24,1,False,Fall,False,63,18,140,98,150,0.5,0.46,59,0.398
PA1714,YYZ-JFK,YYZ,JFK,Premium,2026-10-05,0,False,Fall,False,13,8,130,26,180,0.9,0.96,14,0.462
PA1715,YYZ-YYC,YYZ,YYC,Premium,2027-05-20,3,False,Spring,False,240,14,150,30,220,0.6,0.62,28,0.067
PA1716,YYZ-NRT,YYZ,NRT,Business,2026-11-25,2,False,Fall,False,64,20,260,26,950,0.8,0.84,19,0.269
PA1717,YYZ-YHZ,YYZ,YHZ,Economy,2026-11-27,4,False,Fall,False,66,14,140,98,150,0.5,0.53,83,0.153
PA1718,YYZ-CDG,YYZ,CDG,Premium,2026-11-07,5,True,Fall,False,46,14,250,50,650,0.7,0.76,39,0.22
PA1719,YYZ-JFK,YYZ,JFK,Economy,2026-10-10,5,True,Fall,False,18,8,130,91,180,0.9,0.96,29,0.681
PA1720,YYZ-YHZ,YYZ,YHZ,Economy,2026-11-02,0,False,Fall,False,41,20,140,98,150,0.5,0.49,89,0.092
PA1721,YYZ-LAX,YYZ,LAX,Economy,2026-10-20,1,False,Fall,False,28,20,180,125,300,0.7,0.68,73,0.416
PA1722,YYZ-CDG,YYZ,CDG,Premium,2026-10-31,5,True,Fall,False,39,6,250,50,650,0.7,0.76,49,0.02
PA1723,YYZ-YEG,YYZ,YEG,Premium,2026-11-27,4,False,Fall,False,66,22,160,32,250,0.3,0.31,27,0.156
PA1724,YYZ-YYC,YYZ,YYC,Economy,2026-11-23,0,False,Fall,False,62,20,150,105,220,0.6,0.59,99,0.057
PA1725,YYZ-JFK,YYZ,JFK,Economy,2027-04-08,3,False,Spring,False,198,10,130,91,180,0.9,0.97,84,0.077
PA1726,YYZ-NRT,YYZ,NRT,Economy,2027-05-17,0,False,Spring,False,237,12,260,182,950,0.8,0.76,135,0.258
PA1727,YYZ-YVR,YYZ,YVR,Business,2027-06-08,1,False,Summer,False,259,10,150,15,200,1.0,0.99,9,0.4
PA1728,YYZ-NRT,YYZ,NRT,Economy,2026-10-14,2,False,Fall,False,22,6,260,182,950,0.8,0.8,108,0.407
PA1729,YYZ-YHZ,YYZ,YHZ,Premium,2026-09-28,0,False,Fall,False,6,12,140,28,150,0.5,0.54,4,0.857
PA1730,YYZ-YOW,YYZ,YOW,Economy,2026-11-23,0,False,Fall,False,62,16,120,84,90,0.9,0.92,56,0.333
PA1731,YYZ-NRT,YYZ,NRT,Business,2027-05-02,6,True,Spring,False,222,8,260,26,950,0.8,0.81,18,0.308
PA1732,YYZ-YHZ,YYZ,YHZ,Economy,2026-12-08,1,False,Winter,False,77,10,140,98,150,0.5,0.5,71,0.276
PA1733,YYZ-CDG,YYZ,CDG,Premium,2026-11-07,5,True,Fall,False,46,10,250,50,650,0.7,0.74,44,0.12
PA1734,YYZ-YYC,YYZ,YYC,Business,2026-11-15,6,True,Fall,False,54,8,150,15,220,0.6,0.63,12,0.2
PA1735,YYZ-PEK,YYZ,PEK,Economy,2026-11-26,3,False,Fall,False,65,14,260,182,900,0.4,0.38,125,0.313
PA1736,YYZ-JFK,YYZ,JFK,Economy,2026-09-27,6,True,Fall,False,5,22,130,91,180,0.9,0.91,9,0.901
PA1737,YYZ-YYC,YYZ,YYC,Economy,2027-09-04,5,True,Fall,False,347,20,150,105,220,0.6,0.57,82,0.219
PA1738,YYZ-YEG,YYZ,YEG,Premium,2026-10-06,1,False,Fall,False,14,10,160,32,250,0.3,0.29,11,0.656
PA1739,YYZ-FRA,YYZ,FRA,Economy,2027-08-24,1,False,Summer,False,336,12,240,168,680,0.5,0.53,152,0.095
PA1740,YYZ-LAX,YYZ,LAX,Economy,2027-09-21,1,False,Fall,False,364,12,180,125,300,0.7,0.69,88,0.296
PA1741,YYZ-CDG,YYZ,CDG,Economy,2026-10-14,2,False,Fall,False,22,10,250,175,650,0.7,0.65,81,0.537
PA1742,YYZ-YYC,YYZ,YYC,Economy,2027-03-04,3,False,Spring,False,163,6,150,105,220,0.6,0.56,102,0.029
PA1743,YYZ-YHZ,YYZ,YHZ,Economy,2026-12-25,4,False,Winter,True,94,16,140,98,150,0.5,0.48,71,0.276
PA1744,YYZ-YEG,YYZ,YEG,Economy,2026-10-29,3,False,Fall,False,37,6,160,112,250,0.3,0.31,82,0.268
PA1745,YYZ-YOW,YYZ,YOW,Economy,2026-11-30,0,False,Fall,False,69,8,120,84,90,0.9,0.81,64,0.238
PA1746,YYZ-NRT,YYZ,NRT,Economy,2026-12-02,2,False,Winter,False,71,22,260,182,950,0.8,0.78,154,0.154
PA1747,YYZ-LAX,YYZ,LAX,Economy,2026-11-25,2,False,Fall,False,64,18,180,125,300,0.7,0.67,90,0.28
PA1748,YYZ-YVR,YYZ,YVR,Economy,2027-09-13,0,False,Fall,False,356,10,150,105,200,1.0,1.0,73,0.305
PA1749,YYZ-CDG,YYZ,CDG,Premium,2026-11-26,3,False,Fall,False,65,6,250,50,650,0.7,0.72,42,0.16
PA1750,YYZ-CDG,YYZ,CDG,Economy,2026-11-05,3,False,Fall,False,44,18,250,175,650,0.7,0.73,168,0.04
PA1751,YYZ-FRA,YYZ,FRA,Economy,2026-11-28,5,True,Fall,False,67,12,240,168,680,0.5,0.52,145,0.137
PA1752,YYZ-CUN,YYZ,CUN,Business,2027-04-15,3,False,Spring,False,205,14,200,20,320,1.0,1.0,18,0.1
PA1753,YYZ-YVR,YYZ,YVR,Economy,2026-11-21,5,True,Fall,False,60,22,150,105,200,1.0,1.0,68,0.352
PA1754,YYZ-FRA,YYZ,FRA,Economy,2026-11-21,5,True,Fall,False,60,20,240,168,680,0.5,0.52,109,0.351
PA1755,YYZ-NRT,YYZ,NRT,Premium,2027-06-28,0,False,Summer,False,279,22,260,52,950,0.8,0.73,46,0.115
PA1756,YYZ-PEK,YYZ,PEK,Economy,2026-10-17,5,True,Fall,False,25,14,260,182,900,0.4,0.42,66,0.637
PA1757,YYZ-YHZ,YYZ,YHZ,Economy,2027-02-14,6,True,Winter,False,145,20,140,98,150,0.5,0.55,77,0.214
PA1758,YYZ-YOW,YYZ,YOW,Economy,2026-09-29,1,False,Fall,False,7,10,120,84,90,0.9,0.91,43,0.488
PA1759,YYZ-YYC,YYZ,YYC,Economy,2026-11-11,2,False,Fall,False,50,18,150,105,220,0.6,0.63,87,0.171
PA1760,YYZ-YEG,YYZ,YEG,Economy,2027-03-21,6,True,Spring,False,180,18,160,112,250,0.3,0.32,103,0.08
PA1761,YYZ-YHZ,YYZ,YHZ,Economy,2026-11-04,2,False,Fall,False,43,8,140,98,150,0.5,0.51,84,0.143
PA1762,YYZ-CUN,YYZ,CUN,Premium,2027-02-21,6,True,Winter,False,152,14,200,40,320,1.0,1.0,25,0.375
PA1763,YYZ-YHZ,YYZ,YHZ,Economy,2027-09-08,2,False,Fall,False,351,14,140,98,150,0.5,0.52,71,0.276
PA1764,YYZ-YVR,YYZ,YVR,Economy,2026-11-25,2,False,Fall,False,64,14,150,105,200,1.0,1.0,70,0.333
PA1765,YYZ-CUN,YYZ,CUN,Economy,2026-11-18,2,False,Fall,False,57,22,200,140,320,1.0,1.0,111,0.207
PA1766,YYZ-YOW,YYZ,YOW,Economy,2027-05-26,2,False,Spring,False,246,18,120,84,90,0.9,0.98,77,0.083
PA1767,YYZ-LAX,YYZ,LAX,Economy,2026-11-04,2,False,Fall,False,43,18,180,125,300,0.7,0.72,84,0.328
PA1768,YYZ-YHZ,YYZ,YHZ,Economy,2026-11-29,6,True,Fall,False,68,8,140,98,150,0.5,0.45,59,0.398
PA1769,YYZ-LAX,YYZ,LAX,Economy,2026-10-27,1,False,Fall,False,35,16,180,125,300,0.7,0.67,118,0.056
PA1770,YYZ-CDG,YYZ,CDG,Economy,2026-11-29,6,True,Fall,False,68,10,250,175,650,0.7,0.66,155,0.114
PA1771,YYZ-FRA,YYZ,FRA,Economy,2027-01-18,0,False,Winter,False,118,8,240,168,680,0.5,0.47,164,0.024
PA1772,YYZ-FRA,YYZ,FRA,Economy,2026-11-04,2,False,Fall,False,43,18,240,168,680,0.5,0.51,152,0.095
PA1773,YYZ-CUN,YYZ,CUN,Economy,2026-10-10,5,True,Fall,False,18,6,200,140,320,1.0,1.0,67,0.521
PA1774,YYZ-YYC,YYZ,YYC,Economy,2027-05-28,4,False,Spring,False,248,8,150,105,220,0.6,0.6,95,0.095
PA1775,YYZ-YOW,YYZ,YOW,Economy,2026-12-26,5,True,Winter,False,95,20,120,84,90,0.9,0.87,80,0.048
PA1776,YYZ-YOW,YYZ,YOW,Business,2027-04-10,5,True,Spring,False,200,6,120,12,90,0.9,0.89,10,0.167
PA1777,YYZ-YOW,YYZ,YOW,Economy,2026-11-24,1,False,Fall,False,63,16,120,84,90,0.9,0.84,62,0.262
PA1778,YYZ-LAX,YYZ,LAX,Economy,2026-11-09,0,False,Fall,False,48,22,180,125,300,0.7,0.65,108,0.136
PA1779,YYZ-NRT,YYZ,NRT,Business,2026-12-07,0,False,Winter,False,76,20,260,26,950,0.8,0.77,23,0.115
PA1780,YYZ-NRT,YYZ,NRT,Economy,2026-11-15,6,True,Fall,False,54,10,260,182,950,0.8,0.73,180,0.011
PA1781,YYZ-NRT,YYZ,NRT,Economy,2027-05-26,2,False,Spring,False,246,10,260,182,950,0.8,0.74,160,0.121
PA1782,YYZ-PEK,YYZ,PEK,Business,2026-11-04,2,False,Fall,False,43,18,260,26,900,0.4,0.43,23,0.115
PA1783,YYZ-YYC,YYZ,YYC,Economy,2026-11-21,5,True,Fall,False,60,16,150,105,220,0.6,0.63,93,0.114
PA1784,YYZ-PEK,YYZ,PEK,Economy,2027-02-04,3,False,Winter,False,135,12,260,182,900,0.4,0.4,126,0.308
PA1785,YYZ-YHZ,YYZ,YHZ,Economy,2026-12-01,1,False,Winter,False,70,22,140,98,150,0.5,0.49,95,0.031
PA1786,YYZ-YYC,YYZ,YYC,Premium,2027-04-22,3,False,Spring,False,212,20,150,30,220,0.6,0.56,22,0.267
PA1787,YYZ-CUN,YYZ,CUN,Premium,2026-10-20,1,False,Fall,False,28,8,200,40,320,1.0,0.91,17,0.575
PA1788,YYZ-YOW,YYZ,YOW,Economy,2027-03-08,0,False,Spring,False,167,20,120,84,90,0.9,0.91,61,0.274
PA1789,YYZ-YHZ,YYZ,YHZ,Business,2026-10-03,5,True,Fall,False,11,16,140,14,150,0.5,0.49,4,0.714
PA1790,YYZ-NRT,YYZ,NRT,Economy,2027-06-24,3,False,Summer,False,275,22,260,182,950,0.8,0.78,121,0.335
PA1791,YYZ-CUN,YYZ,CUN,Premium,2026-11-06,4,False,Fall,False,45,18,200,40,320,1.0,1.0,29,0.275
PA1792,YYZ-NRT,YYZ,NRT,Economy,2026-10-07,2,False,Fall,False,15,6,260,182,950,0.8,0.86,93,0.489
PA1793,YYZ-YVR,YYZ,YVR,Premium,2026-10-11,6,True,Fall,False,19,6,150,30,200,1.0,0.91,10,0.667
PA1794,YYZ-YVR,YYZ,YVR,Economy,2026-09-23,2,False,Fall,False,1,10,150,105,200,1.0,1.0,32,0.695
PA1795,YYZ-FRA,YYZ,FRA,Premium,2026-11-03,1,False,Fall,False,42,16,240,48,680,0.5,0.48,38,0.208
PA1796,YYZ-YYC,YYZ,YYC,Economy,2026-09-23,2,False,Fall,False,1,12,150,105,220,0.6,0.57,21,0.8
PA1797,YYZ-CDG,YYZ,CDG,Premium,2026-09-23,2,False,Fall,False,1,6,250,50,650,0.7,0.73,19,0.62
PA1798,YYZ-YHZ,YYZ,YHZ,Economy,2026-10-27,1,False,Fall,False,35,20,140,98,150,0.5,0.51,95,0.031
PA1799,YYZ-NRT,YYZ,NRT,Business,2026-10-27,1,False,Fall,False,35,20,260,26,950,0.8,0.8,18,0.308
PA1800,YYZ-JFK,YYZ,JFK,Economy,2026-12-20,6,True,Winter,False,89,18,130,91,180,0.9,0.91,83,0.088
PA1801,YYZ-CUN,YYZ,CUN,Premium,2027-01-14,3,False,Winter,False,114,14,200,40,320,1.0,0.92,29,0.275
PA1802,YYZ-YOW,YYZ,YOW,Premium,2026-12-16,2,False,Winter,False,85,20,120,24,90,0.9,0.9,20,0.167
PA1803,YYZ-CUN,YYZ,CUN,Economy,2026-11-13,4,False,Fall,False,52,22,200,140,320,1.0,0.93,109,0.221
PA1804,YYZ-CDG,YYZ,CDG,Premium,2026-10-06,1,False,Fall,False,14,16,250,50,650,0.7,0.66,26,0.48
PA1805,YYZ-CDG,YYZ,CDG,Economy,2026-11-18,2,False,Fall,False,57,10,250,175,650,0.7,0.76,118,0.326
PA1806,YYZ-PEK,YYZ,PEK,Economy,2026-11-30,0,False,Fall,False,69,8,260,182,900,0.4,0.37,112,0.385
PA1807,YYZ-YVR,YYZ,YVR,Premium,2026-10-28,2,False,Fall,False,36,14,150,30,200,1.0,0.99,28,0.067
PA1808,YYZ-JFK,YYZ,JFK,Economy,2026-11-01,6,True,Fall,False,40,8,130,91,180,0.9,0.87,57,0.374
PA1809,YYZ-YEG,YYZ,YEG,Premium,2026-12-20,6,True,Winter,False,89,14,160,32,250,0.3,0.29,31,0.031
PA1810,YYZ-LAX,YYZ,LAX,Business,2026-11-07,5,True,Fall,False,46,20,180,18,300,0.7,0.74,14,0.222
PA1811,YYZ-FRA,YYZ,FRA,Premium,2026-10-19,0,False,Fall,False,27,16,240,48,680,0.5,0.5,14,0.708
PA1812,YYZ-YYC,YYZ,YYC,Economy,2026-10-10,5,True,Fall,False,18,10,150,105,220,0.6,0.65,72,0.314
PA1813,YYZ-FRA,YYZ,FRA,Premium,2026-12-09,2,False,Winter,False,78,10,240,48,680,0.5,0.52,39,0.188
PA1814,YYZ-NRT,YYZ,NRT,Economy,2027-06-06,6,True,Summer,False,257,18,260,182,950,0.8,0.85,123,0.324
PA1815,YYZ-PEK,YYZ,PEK,Economy,2026-10-05,0,False,Fall,False,13,20,260,182,900,0.4,0.42,103,0.434
PA1816,YYZ-YHZ,YYZ,YHZ,Economy,2026-11-01,6,True,Fall,False,40,14,140,98,150,0.5,0.55,78,0.204
PA1817,YYZ-FRA,YYZ,FRA,Economy,2026-11-03,1,False,Fall,False,42,20,240,168,680,0.5,0.5,125,0.256
PA1818,YYZ-YHZ,YYZ,YHZ,Economy,2026-11-18,2,False,Fall,False,57,12,140,98,150,0.5,0.47,83,0.153
PA1819,YYZ-CDG,YYZ,CDG,Economy,2026-10-21,2,False,Fall,False,29,10,250,175,650,0.7,0.76,68,0.611
PA1820,YYZ-NRT,YYZ,NRT,Premium,2027-06-02,2,False,Summer,False,253,18,260,52,950,0.8,0.81,34,0.346
PA1821,YYZ-NRT,YYZ,NRT,Economy,2026-12-03,3,False,Winter,False,72,14,260,182,950,0.8,0.83,122,0.33
PA1822,YYZ-YEG,YYZ,YEG,Economy,2026-10-28,2,False,Fall,False,36,22,160,112,250,0.3,0.28,99,0.116
PA1823,YYZ-YHZ,YYZ,YHZ,Premium,2026-10-12,0,False,Fall,True,20,10,140,28,150,0.5,0.48,18,0.357
PA1824,YYZ-YHZ,YYZ,YHZ,Economy,2026-11-03,1,False,Fall,False,42,16,140,98,150,0.5,0.49,91,0.071
PA1825,YYZ-NRT,YYZ,NRT,Economy,2026-10-26,0,False,Fall,False,34,18,260,182,950,0.8,0.73,119,0.346
PA1826,YYZ-FRA,YYZ,FRA,Premium,2026-11-02,0,False,Fall,False,41,8,240,48,680,0.5,0.5,47,0.021
PA1827,YYZ-YYC,YYZ,YYC,Premium,2026-10-25,6,True,Fall,False,33,12,150,30,220,0.6,0.66,28,0.067
PA1828,YYZ-JFK,YYZ,JFK,Economy,2027-05-17,0,False,Spring,False,237,20,130,91,180,0.9,0.98,60,0.341
PA1829,YYZ-FRA,YYZ,FRA,Economy,2026-11-29,6,True,Fall,False,68,8,240,168,680,0.5,0.51,102,0.393
PA1830,YYZ-CUN,YYZ,CUN,Economy,2026-09-27,6,True,Fall,False,5,16,200,140,320,1.0,1.0,50,0.643
PA1831,YYZ-YHZ,YYZ,YHZ,Economy,2026-12-13,6,True,Winter,False,82,12,140,98,150,0.5,0.47,72,0.265
PA1832,YYZ-FRA,YYZ,FRA,Economy,2026-11-28,5,True,Fall,False,67,14,240,168,680,0.5,0.51,164,0.024
PA1833,YYZ-LAX,YYZ,LAX,Premium,2026-10-21,2,False,Fall,False,29,16,180,36,300,0.7,0.73,16,0.556
PA1834,YYZ-YOW,YYZ,YOW,Economy,2027-06-25,4,False,Summer,False,276,12,120,84,90,0.9,0.86,61,0.274
PA1835,YYZ-YHZ,YYZ,YHZ,Premium,2026-10-17,5,True,Fall,False,25,22,140,28,150,0.5,0.53,19,0.321
PA1836,YYZ-YYC,YYZ,YYC,Economy,2026-10-01,3,False,Fall,False,9,8,150,105,220,0.6,0.61,51,0.514
PA1837,YYZ-PEK,YYZ,PEK,Premium,2026-12-31,3,False,Winter,False,100,18,260,52,900,0.4,0.42,34,0.346
PA1838,YYZ-NRT,YYZ,NRT,Economy,2026-09-23,2,False,Fall,False,1,16,260,182,950,0.8,0.74,58,0.681
PA1839,YYZ-YEG,YYZ,YEG,Business,2027-04-27,1,False,Spring,False,217,22,160,16,250,0.3,0.3,9,0.438
PA1840,YYZ-PEK,YYZ,PEK,Economy,2026-09-30,2,False,Fall,False,8,20,260,182,900,0.4,0.38,98,0.462
PA1841,YYZ-NRT,YYZ,NRT,Business,2026-10-07,2,False,Fall,False,15,18,260,26,950,0.8,0.85,12,0.538
PA1842,YYZ-CUN,YYZ,CUN,Economy,2026-10-03,5,True,Fall,False,11,18,200,140,320,1.0,1.0,63,0.55
PA1843,YYZ-YOW,YYZ,YOW,Premium,2026-11-10,1,False,Fall,False,49,10,120,24,90,0.9,0.92,20,0.167
PA1844,YYZ-YOW,YYZ,YOW,Economy,2026-10-14,2,False,Fall,False,22,12,120,84,90,0.9,0.86,35,0.583
PA1845,YYZ-YVR,YYZ,YVR,Economy,2027-05-01,5,True,Spring,False,221,16,150,105,200,1.0,1.0,70,0.333
PA1846,YYZ-YYC,YYZ,YYC,Economy,2026-11-27,4,False,Fall,False,66,18,150,105,220,0.6,0.65,89,0.152
PA1847,YYZ-LAX,YYZ,LAX,Economy,2026-11-14,5,True,Fall,False,53,6,180,125,300,0.7,0.74,81,0.352
PA1848,YYZ-LAX,YYZ,LAX,Business,2026-12-08,1,False,Winter,False,77,16,180,18,300,0.7,0.67,13,0.278
PA1849,YYZ-YHZ,YYZ,YHZ,Premium,2027-08-11,2,False,Summer,False,323,20,140,28,150,0.5,0.51,24,0.143
PA1850,YYZ-YVR,YYZ,YVR,Economy,2026-12-22,1,False,Winter,False,91,10,150,105,200,1.0,0.96,66,0.371
PA1851,YYZ-YVR,YYZ,YVR,Premium,2026-09-28,0,False,Fall,False,6,10,150,30,200,1.0,0.95,10,0.667
PA1852,YYZ-YVR,YYZ,YVR,Premium,2026-10-23,4,False,Fall,False,31,18,150,30,200,1.0,1.0,24,0.2
PA1853,YYZ-YVR,YYZ,YVR,Economy,2027-04-30,4,False,Spring,False,220,20,150,105,200,1.0,1.0,89,0.152
PA1854,YYZ-CUN,YYZ,CUN,Business,2026-10-07,2,False,Fall,False,15,12,200,20,320,1.0,0.95,6,0.7
PA1855,YYZ-NRT,YYZ,NRT,Economy,2026-10-30,4,False,Fall,False,38,10,260,182,950,0.8,0.79,137,0.247
PA1856,YYZ-CDG,YYZ,CDG,Economy,2026-09-26,5,True,Fall,False,4,20,250,175,650,0.7,0.75,16,0.909
PA1857,YYZ-YHZ,YYZ,YHZ,Economy,2026-12-07,0,False,Winter,False,76,22,140,98,150,0.5,0.46,61,0.378
PA1858,YYZ-FRA,YYZ,FRA,Economy,2026-09-26,5,True,Fall,False,4,22,240,168,680,0.5,0.52,65,0.613
PA1859,YYZ-PEK,YYZ,PEK,Premium,2026-10-23,4,False,Fall,False,31,10,260,52,900,0.4,0.39,50,0.038
PA1860,YYZ-YHZ,YYZ,YHZ,Economy,2027-04-17,5,True,Spring,False,207,20,140,98,150,0.5,0.53,82,0.163
PA1861,YYZ-NRT,YYZ,NRT,Economy,2026-12-12,5,True,Winter,False,81,6,260,182,950,0.8,0.81,122,0.33
PA1862,YYZ-PEK,YYZ,PEK,Economy,2026-11-07,5,True,Fall,False,46,12,260,182,900,0.4,0.42,142,0.22
PA1863,YYZ-CUN,YYZ,CUN,Business,2026-11-24,1,False,Fall,False,63,22,200,20,320,1.0,0.98,19,0.05
PA1864,YYZ-CUN,YYZ,CUN,Economy,2026-12-03,3,False,Winter,False,72,6,200,140,320,1.0,0.9,106,0.243
PA1865,YYZ-YOW,YYZ,YOW,Economy,2027-03-04,3,False,Spring,False,163,22,120,84,90,0.9,0.86,55,0.345
PA1866,YYZ-FRA,YYZ,FRA,Economy,2026-10-04,6,True,Fall,False,12,10,240,168,680,0.5,0.52,78,0.536
PA1867,YYZ-LAX,YYZ,LAX,Premium,2027-06-17,3,False,Summer,False,268,6,180,36,300,0.7,0.7,23,0.361
PA1868,YYZ-JFK,YYZ,JFK,Economy,2026-10-20,1,False,Fall,False,28,6,130,91,180,0.9,0.99,47,0.484
PA1869,YYZ-PEK,YYZ,PEK,Economy,2027-05-24,0,False,Spring,True,244,12,260,182,900,0.4,0.41,148,0.187
PA1870,YYZ-YHZ,YYZ,YHZ,Economy,2026-10-25,6,True,Fall,False,33,16,140,98,150,0.5,0.52,92,0.061
PA1871,YYZ-YOW,YYZ,YOW,Economy,2026-10-10,5,True,Fall,False,18,20,120,84,90,0.9,0.94,54,0.357
PA1872,YYZ-FRA,YYZ,FRA,Economy,2026-10-05,0,False,Fall,False,13,12,240,168,680,0.5,0.53,116,0.31
PA1873,YYZ-YEG,YYZ,YEG,Premium,2026-10-26,0,False,Fall,False,34,10,160,32,250,0.3,0.3,31,0.031
PA1874,YYZ-YEG,YYZ,YEG,Economy,2026-11-24,1,False,Fall,False,63,8,160,112,250,0.3,0.32,97,0.134
PA1875,YYZ-CUN,YYZ,CUN,Economy,2026-11-08,6,True,Fall,False,47,16,200,140,320,1.0,1.0,132,0.057
PA1876,YYZ-YYC,YYZ,YYC,Economy,2026-11-14,5,True,Fall,False,53,16,150,105,220,0.6,0.56,93,0.114
PA1877,YYZ-PEK,YYZ,PEK,Economy,2027-04-21,2,False,Spring,False,211,14,260,182,900,0.4,0.43,148,0.187
PA1878,YYZ-JFK,YYZ,JFK,Economy,2026-12-19,5,True,Winter,False,88,10,130,91,180,0.9,0.96,75,0.176
PA1879,YYZ-JFK,YYZ,JFK,Economy,2026-11-29,6,True,Fall,False,68,14,130,91,180,0.9,0.96,65,0.286
PA1880,YYZ-FRA,YYZ,FRA,Economy,2026-10-12,0,False,Fall,True,20,20,240,168,680,0.5,0.48,99,0.411
PA1881,YYZ-YVR,YYZ,YVR,Premium,2026-10-03,5,True,Fall,False,11,8,150,30,200,1.0,1.0,17,0.433
PA1882,YYZ-YHZ,YYZ,YHZ,Economy,2026-10-16,4,False,Fall,False,24,16,140,98,150,0.5,0.47,65,0.337
PA1883,YYZ-FRA,YYZ,FRA,Economy,2026-09-24,3,False,Fall,False,2,18,240,168,680,0.5,0.52,37,0.78
PA1884,YYZ-CUN,YYZ,CUN,Economy,2026-11-15,6,True,Fall,False,54,16,200,140,320,1.0,0.91,111,0.207
PA1885,YYZ-YEG,YYZ,YEG,Premium,2026-12-18,4,False,Winter,False,87,14,160,32,250,0.3,0.29,27,0.156
PA1886,YYZ-PEK,YYZ,PEK,Economy,2026-11-18,2,False,Fall,False,57,10,260,182,900,0.4,0.42,151,0.17
PA1887,YYZ-YYC,YYZ,YYC,Economy,2027-07-12,0,False,Summer,False,293,6,150,105,220,0.6,0.59,88,0.162
PA1888,YYZ-NRT,YYZ,NRT,Economy,2026-10-06,1,False,Fall,False,14,10,260,182,950,0.8,0.81,84,0.538
PA1889,YYZ-PEK,YYZ,PEK,Economy,2027-01-27,2,False,Winter,False,127,16,260,182,900,0.4,0.38,157,0.137
PA1890,YYZ-PEK,YYZ,PEK,Business,2026-12-09,2,False,Winter,False,78,12,260,26,900,0.4,0.37,22,0.154
PA1891,YYZ-CUN,YYZ,CUN,Economy,2026-10-07,2,False,Fall,False,15,20,200,140,320,1.0,1.0,95,0.321
PA1892,YYZ-YVR,YYZ,YVR,Economy,2026-12-15,1,False,Winter,False,84,8,150,105,200,1.0,0.91,79,0.248
PA1893,YYZ-FRA,YYZ,FRA,Premium,2027-03-03,2,False,Spring,False,162,6,240,48,680,0.5,0.5,42,0.125
PA1894,YYZ-YEG,YYZ,YEG,Economy,2026-09-25,4,False,Fall,False,3,22,160,112,250,0.3,0.3,14,0.875
PA1895,YYZ-LAX,YYZ,LAX,Business,2027-07-16,4,False,Summer,False,297,8,180,18,300,0.7,0.68,13,0.278
PA1896,YYZ-YVR,YYZ,YVR,Business,2026-10-07,2,False,Fall,False,15,6,150,15,200,1.0,0.96,4,0.733
PA1897,YYZ-YEG,YYZ,YEG,Economy,2026-11-18,2,False,Fall,False,57,10,160,112,250,0.3,0.31,84,0.25
PA1898,YYZ-JFK,YYZ,JFK,Premium,2026-10-14,2,False,Fall,False,22,6,130,26,180,0.9,0.86,10,0.615
PA1899,YYZ-JFK,YYZ,JFK,Economy,2026-10-06,1,False,Fall,False,14,6,130,91,180,0.9,0.97,57,0.374
PA1900,YYZ-LAX,YYZ,LAX,Economy,2026-10-18,6,True,Fall,False,26,12,180,125,300,0.7,0.67,55,0.56
PA1901,YYZ-YVR,YYZ,YVR,Premium,2027-04-29,3,False,Spring,False,219,22,150,30,200,1.0,1.0,24,0.2
PA1902,YYZ-PEK,YYZ,PEK,Economy,2026-11-22,6,True,Fall,False,61,18,260,182,900,0.4,0.41,114,0.374
PA1903,YYZ-YEG,YYZ,YEG,Economy,2027-08-07,5,True,Summer,False,319,16,160,112,250,0.3,0.29,69,0.384
PA1904,YYZ-CDG,YYZ,CDG,Economy,2026-10-12,0,False,Fall,True,20,16,250,175,650,0.7,0.63,62,0.646
PA1905,YYZ-YEG,YYZ,YEG,Economy,2026-11-16,0,False,Fall,False,55,14,160,112,250,0.3,0.29,83,0.259
PA1906,YYZ-LAX,YYZ,LAX,Economy,2026-10-30,4,False,Fall,False,38,14,180,125,300,0.7,0.76,89,0.288
PA1907,YYZ-CUN,YYZ,CUN,Economy,2027-01-25,0,False,Winter,False,125,20,200,140,320,1.0,1.0,110,0.214
PA1908,YYZ-LAX,YYZ,LAX,Economy,2026-11-21,5,True,Fall,False,60,10,180,125,300,0.7,0.73,111,0.112
PA1909,YYZ-YVR,YYZ,YVR,Economy,2027-04-18,6,True,Spring,False,208,16,150,105,200,1.0,1.0,78,0.257
PA1910,YYZ-YEG,YYZ,YEG,Economy,2026-12-16,2,False,Winter,False,85,22,160,112,250,0.3,0.29,96,0.143
PA1911,YYZ-PEK,YYZ,PEK,Economy,2026-12-23,2,False,Winter,False,92,12,260,182,900,0.4,0.37,118,0.352
PA1912,YYZ-JFK,YYZ,JFK,Business,2027-09-22,2,False,Fall,False,365,10,130,13,180,0.9,0.96,12,0.077
PA1913,YYZ-CUN,YYZ,CUN,Economy,2027-01-21,3,False,Winter,False,121,8,200,140,320,1.0,0.95,113,0.193
PA1914,YYZ-NRT,YYZ,NRT,Economy,2026-12-18,4,False,Winter,False,87,22,260,182,950,0.8,0.73,175,0.038
PA1915,YYZ-YVR,YYZ,YVR,Premium,2026-10-23,4,False,Fall,False,31,18,150,30,200,1.0,1.0,19,0.367
PA1916,YYZ-PEK,YYZ,PEK,Economy,2026-12-08,1,False,Winter,False,77,10,260,182,900,0.4,0.38,156,0.143
PA1917,YYZ-PEK,YYZ,PEK,Economy,2027-08-21,5,True,Summer,False,333,6,260,182,900,0.4,0.39,114,0.374
PA1918,YYZ-CDG,YYZ,CDG,Economy,2026-11-08,6,True,Fall,False,47,20,250,175,650,0.7,0.7,129,0.263
PA1919,YYZ-NRT,YYZ,NRT,Economy,2026-11-28,5,True,Fall,False,67,8,260,182,950,0.8,0.75,163,0.104
PA1920,YYZ-CUN,YYZ,CUN,Business,2027-01-30,5,True,Winter,False,130,12,200,20,320,1.0,0.92,12,0.4
PA1921,YYZ-FRA,YYZ,FRA,Business,2026-12-21,0,False,Winter,False,90,22,240,24,680,0.5,0.49,15,0.375
PA1922,YYZ-YYC,YYZ,YYC,Economy,2026-12-01,1,False,Winter,False,70,12,150,105,220,0.6,0.62,75,0.286
PA1923,YYZ-LAX,YYZ,LAX,Premium,2026-12-12,5,True,Winter,False,81,14,180,36,300,0.7,0.66,30,0.167
PA1924,YYZ-CDG,YYZ,CDG,Business,2027-06-17,3,False,Summer,False,268,10,250,25,650,0.7,0.63,24,0.04
PA1925,YYZ-YHZ,YYZ,YHZ,Economy,2026-10-10,5,True,Fall,False,18,22,140,98,150,0.5,0.49,47,0.52
PA1926,YYZ-YVR,YYZ,YVR,Economy,2027-02-04,3,False,Winter,False,135,20,150,105,200,1.0,1.0,84,0.2
PA1927,YYZ-YHZ,YYZ,YHZ,Economy,2026-11-13,4,False,Fall,False,52,20,140,98,150,0.5,0.54,71,0.276
PA1928,YYZ-FRA,YYZ,FRA,Economy,2026-10-10,5,True,Fall,False,18,22,240,168,680,0.5,0.48,100,0.405
PA1929,YYZ-YYC,YYZ,YYC,Economy,2026-09-29,1,False,Fall,False,7,14,150,105,220,0.6,0.54,49,0.533
PA1930,YYZ-YVR,YYZ,YVR,Economy,2026-10-01,3,False,Fall,False,9,22,150,105,200,1.0,1.0,37,0.648
PA1931,YYZ-YEG,YYZ,YEG,Premium,2026-10-14,2,False,Fall,False,22,6,160,32,250,0.3,0.31,9,0.719
PA1932,YYZ-LAX,YYZ,LAX,Economy,2027-02-15,0,False,Winter,False,146,16,180,125,300,0.7,0.77,81,0.352
PA1933,YYZ-JFK,YYZ,JFK,Economy,2027-04-04,6,True,Spring,False,194,14,130,91,180,0.9,0.91,70,0.231
PA1934,YYZ-JFK,YYZ,JFK,Economy,2026-09-23,2,False,Fall,False,1,10,130,91,180,0.9,0.84,7,0.923
PA1935,YYZ-YYC,YYZ,YYC,Economy,2027-01-21,3,False,Winter,False,121,16,150,105,220,0.6,0.6,73,0.305
PA1936,YYZ-JFK,YYZ,JFK,Business,2026-10-09,4,False,Fall,False,17,20,130,13,180,0.9,0.92,8,0.385
PA1937,YYZ-CUN,YYZ,CUN,Economy,2026-11-05,3,False,Fall,False,44,8,200,140,320,1.0,1.0,124,0.114
PA1938,YYZ-CUN,YYZ,CUN,Premium,2026-10-04,6,True,Fall,False,12,22,200,40,320,1.0,1.0,13,0.675
PA1939,YYZ-YYC,YYZ,YYC,Economy,2026-12-08,1,False,Winter,False,77,18,150,105,220,0.6,0.6,97,0.076
PA1940,YYZ-NRT,YYZ,NRT,Business,2026-11-27,4,False,Fall,False,66,14,260,26,950,0.8,0.79,19,0.269
PA1941,YYZ-LAX,YYZ,LAX,Economy,2027-09-15,2,False,Fall,False,358,12,180,125,300,0.7,0.68,75,0.4
PA1942,YYZ-YYC,YYZ,YYC,Business,2026-12-09,2,False,Winter,False,78,12,150,15,220,0.6,0.65,12,0.2
PA1943,YYZ-YHZ,YYZ,YHZ,Economy,2026-12-11,4,False,Winter,False,80,8,140,98,150,0.5,0.52,76,0.224
PA1944,YYZ-CDG,YYZ,CDG,Economy,2026-12-18,4,False,Winter,False,87,10,250,175,650,0.7,0.66,164,0.063
PA1945,YYZ-YEG,YYZ,YEG,Economy,2027-06-10,3,False,Summer,False,261,14,160,112,250,0.3,0.31,80,0.286
PA1946,YYZ-CUN,YYZ,CUN,Economy,2026-11-05,3,False,Fall,False,44,22,200,140,320,1.0,0.91,128,0.086
PA1947,YYZ-JFK,YYZ,JFK,Business,2026-12-21,0,False,Winter,False,90,14,130,13,180,0.9,0.92,9,0.308
PA1948,YYZ-FRA,YYZ,FRA,Economy,2026-10-05,0,False,Fall,False,13,14,240,168,680,0.5,0.52,65,0.613
PA1949,YYZ-CDG,YYZ,CDG,Economy,2026-09-27,6,True,Fall,False,5,10,250,175,650,0.7,0.71,14,0.92
PA1950,YYZ-PEK,YYZ,PEK,Economy,2026-12-19,5,True,Winter,False,88,10,260,182,900,0.4,0.38,179,0.016
PA1951,YYZ-YHZ,YYZ,YHZ,Economy,2026-11-22,6,True,Fall,False,61,22,140,98,150,0.5,0.51,88,0.102
PA1952,YYZ-NRT,YYZ,NRT,Premium,2026-09-25,4,False,Fall,False,3,12,260,52,950,0.8,0.74,9,0.827
PA1953,YYZ-LAX,YYZ,LAX,Premium,2026-12-11,4,False,Winter,False,80,14,180,36,300,0.7,0.7,30,0.167
PA1954,YYZ-CUN,YYZ,CUN,Premium,2026-09-26,5,True,Fall,False,4,12,200,40,320,1.0,1.0,5,0.875
PA1955,YYZ-CDG,YYZ,CDG,Economy,2027-02-15,0,False,Winter,False,146,8,250,175,650,0.7,0.66,146,0.166
PA1956,YYZ-NRT,YYZ,NRT,Economy,2027-06-26,5,True,Summer,False,277,6,260,182,950,0.8,0.84,155,0.148
PA1957,YYZ-NRT,YYZ,NRT,Premium,2026-10-31,5,True,Fall,False,39,6,260,52,950,0.8,0.73,32,0.385
PA1958,YYZ-PEK,YYZ,PEK,Economy,2026-09-24,3,False,Fall,False,2,16,260,182,900,0.4,0.43,23,0.874
PA1959,YYZ-YEG,YYZ,YEG,Premium,2026-10-28,2,False,Fall,False,36,8,160,32,250,0.3,0.3,22,0.312
PA1960,YYZ-YOW,YYZ,YOW,Economy,2026-09-29,1,False,Fall,False,7,18,120,84,90,0.9,0.84,36,0.571
PA1961,YYZ-YEG,YYZ,YEG,Economy,2026-11-23,0,False,Fall,False,62,18,160,112,250,0.3,0.32,101,0.098
PA1962,YYZ-CUN,YYZ,CUN,Business,2027-03-29,0,False,Spring,False,188,8,200,20,320,1.0,1.0,19,0.05
PA1963,YYZ-CDG,YYZ,CDG,Economy,2027-01-16,5,True,Winter,False,116,18,250,175,650,0.7,0.7,123,0.297
PA1964,YYZ-JFK,YYZ,JFK,Economy,2026-11-22,6,True,Fall,False,61,6,130,91,180,0.9,0.92,76,0.165
PA1965,YYZ-YHZ,YYZ,YHZ,Economy,2027-07-15,3,False,Summer,False,296,8,140,98,150,0.5,0.5,68,0.306
PA1966,YYZ-YVR,YYZ,YVR,Economy,2026-11-17,1,False,Fall,False,56,14,150,105,200,1.0,1.0,92,0.124
PA1967,YYZ-CDG,YYZ,CDG,Economy,2026-11-15,6,True,Fall,False,54,16,250,175,650,0.7,0.74,117,0.331
PA1968,YYZ-NRT,YYZ,NRT,Economy,2026-11-07,5,True,Fall,False,46,8,260,182,950,0.8,0.81,163,0.104
PA1969,YYZ-PEK,YYZ,PEK,Economy,2026-10-15,3,False,Fall,False,23,16,260,182,900,0.4,0.44,96,0.473
PA1970,YYZ-YEG,YYZ,YEG,Business,2026-10-23,4,False,Fall,False,31,22,160,16,250,0.3,0.28,14,0.125
PA1971,YYZ-YVR,YYZ,YVR,Economy,2026-10-22,3,False,Fall,False,30,18,150,105,200,1.0,1.0,67,0.362
PA1972,YYZ-YOW,YYZ,YOW,Premium,2026-11-12,3,False,Fall,False,51,8,120,24,90,0.9,0.9,15,0.375
PA1973,YYZ-CDG,YYZ,CDG,Economy,2026-11-08,6,True,Fall,False,47,16,250,175,650,0.7,0.75,132,0.246
PA1974,YYZ-YYC,YYZ,YYC,Business,2026-10-13,1,False,Fall,False,21,22,150,15,220,0.6,0.63,5,0.667
PA1975,YYZ-PEK,YYZ,PEK,Economy,2027-04-07,2,False,Spring,False,197,18,260,182,900,0.4,0.42,121,0.335
PA1976,YYZ-NRT,YYZ,NRT,Economy,2026-10-27,1,False,Fall,False,35,12,260,182,950,0.8,0.76,110,0.396
PA1977,YYZ-CUN,YYZ,CUN,Business,2026-12-11,4,False,Winter,False,80,10,200,20,320,1.0,1.0,12,0.4
PA1978,YYZ-LAX,YYZ,LAX,Economy,2027-05-24,0,False,Spring,True,244,6,180,125,300,0.7,0.7,82,0.344
PA1979,YYZ-FRA,YYZ,FRA,Economy,2026-10-30,4,False,Fall,False,38,6,240,168,680,0.5,0.51,134,0.202
PA1980,YYZ-FRA,YYZ,FRA,Economy,2026-12-18,4,False,Winter,False,87,18,240,168,680,0.5,0.52,160,0.048
PA1981,YYZ-FRA,YYZ,FRA,Business,2027-06-23,2,False,Summer,False,274,6,240,24,680,0.5,0.47,17,0.292
PA1982,YYZ-CUN,YYZ,CUN,Economy,2026-10-22,3,False,Fall,False,30,14,200,140,320,1.0,1.0,106,0.243
PA1983,YYZ-CDG,YYZ,CDG,Economy,2026-12-28,0,False,Winter,False,97,10,250,175,650,0.7,0.69,108,0.383
PA1984,YYZ-YYC,YYZ,YYC,Business,2027-02-23,1,False,Winter,False,154,18,150,15,220,0.6,0.58,10,0.333
PA1985,YYZ-YOW,YYZ,YOW,Economy,2026-11-06,4,False,Fall,False,45,8,120,84,90,0.9,0.84,52,0.381
PA1986,YYZ-JFK,YYZ,JFK,Economy,2026-11-22,6,True,Fall,False,61,12,130,91,180,0.9,0.94,89,0.022
PA1987,YYZ-PEK,YYZ,PEK,Economy,2026-12-14,0,False,Winter,False,83,6,260,182,900,0.4,0.38,136,0.253
PA1988,YYZ-YYC,YYZ,YYC,Premium,2026-09-29,1,False,Fall,False,7,16,150,30,220,0.6,0.62,19,0.367
PA1989,YYZ-YVR,YYZ,YVR,Premium,2026-11-30,0,False,Fall,False,69,18,150,30,200,1.0,1.0,28,0.067
PA1990,YYZ-CUN,YYZ,CUN,Economy,2026-11-22,6,True,Fall,False,61,8,200,140,320,1.0,1.0,97,0.307
PA1991,YYZ-CDG,YYZ,CDG,Premium,2026-11-15,6,True,Fall,False,54,20,250,50,650,0.7,0.67,47,0.06
PA1992,YYZ-FRA,YYZ,FRA,Economy,2026-11-20,4,False,Fall,False,59,12,240,168,680,0.5,0.45,142,0.155
PA1993,YYZ-JFK,YYZ,JFK,Premium,2026-11-28,5,True,Fall,False,67,12,130,26,180,0.9,0.81,23,0.115
PA1994,YYZ-CUN,YYZ,CUN,Economy,2026-11-03,1,False,Fall,False,42,18,200,140,320,1.0,0.97,105,0.25
PA1995,YYZ-YHZ,YYZ,YHZ,Business,2026-10-29,3,False,Fall,False,37,14,140,14,150,0.5,0.52,8,0.429
PA1996,YYZ-CUN,YYZ,CUN,Economy,2027-07-18,6,True,Summer,False,299,20,200,140,320,1.0,0.98,110,0.214
PA1997,YYZ-LAX,YYZ,LAX,Premium,2026-11-18,2,False,Fall,False,57,10,180,36,300,0.7,0.68,21,0.417
PA1998,YYZ-YVR,YYZ,YVR,Business,2026-12-05,5,True,Winter,False,74,8,150,15,200,1.0,1.0,9,0.4
PA1999,YYZ-LAX,YYZ,LAX,Economy,2027-01-31,6,True,Winter,False,131,10,180,125,300,0.7,0.67,100,0.2
